country,year,eci_ranking
ago,1995,122.0
ago,1996,124.0
ago,1997,122.0
ago,1998,121.0
ago,1999,121.0
ago,2000,125.0
ago,2001,126.0
ago,2002,126.0
ago,2003,126.0
ago,2004,92.0
ago,2005,124.0
ago,2006,125.0
ago,2007,127.0
ago,2008,123.0
ago,2009,114.0
ago,2010,121.0
ago,2011,118.0
ago,2012,106.0
ago,2013,98.0
ago,2014,118.0
ago,2015,112.0
ago,2016,116.0
alb,1995,89.0
alb,1996,73.0
alb,1997,77.0
alb,1998,80.0
alb,1999,75.0
alb,2000,59.0
alb,2001,64.0
alb,2002,59.0
alb,2003,61.0
alb,2004,71.0
alb,2005,76.0
alb,2006,84.0
alb,2007,75.0
alb,2008,70.0
alb,2009,82.0
alb,2010,77.0
alb,2011,78.0
alb,2012,79.0
alb,2013,76.0
alb,2014,87.0
alb,2015,85.0
alb,2016,81.0
are,1995,69.0
are,1996,77.0
are,1997,79.0
are,1998,69.0
are,1999,72.0
are,2000,73.0
are,2001,72.0
are,2002,70.0
are,2003,72.0
are,2004,62.0
are,2005,55.0
are,2006,60.0
are,2007,72.0
are,2008,60.0
are,2009,71.0
are,2010,50.0
are,2011,68.0
are,2012,65.0
are,2013,60.0
are,2014,60.0
are,2015,56.0
are,2016,51.0
arg,1995,56.0
arg,1996,58.0
arg,1997,58.0
arg,1998,54.0
arg,1999,53.0
arg,2000,53.0
arg,2001,58.0
arg,2002,61.0
arg,2003,59.0
arg,2004,60.0
arg,2005,53.0
arg,2006,57.0
arg,2007,58.0
arg,2008,57.0
arg,2009,59.0
arg,2010,61.0
arg,2011,59.0
arg,2012,64.0
arg,2013,65.0
arg,2014,65.0
arg,2015,72.0
arg,2016,83.0
aus,1995,60.0
aus,1996,57.0
aus,1997,64.0
aus,1998,62.0
aus,1999,60.0
aus,2000,62.0
aus,2001,66.0
aus,2002,65.0
aus,2003,64.0
aus,2004,72.0
aus,2005,61.0
aus,2006,66.0
aus,2007,67.0
aus,2008,77.0
aus,2009,75.0
aus,2010,82.0
aus,2011,74.0
aus,2012,86.0
aus,2013,84.0
aus,2014,81.0
aus,2015,83.0
aus,2016,86.0
aut,1995,6.0
aut,1996,5.0
aut,1997,6.0
aut,1998,7.0
aut,1999,8.0
aut,2000,7.0
aut,2001,7.0
aut,2002,7.0
aut,2003,6.0
aut,2004,5.0
aut,2005,6.0
aut,2006,7.0
aut,2007,6.0
aut,2008,5.0
aut,2009,5.0
aut,2010,4.0
aut,2011,6.0
aut,2012,7.0
aut,2013,7.0
aut,2014,6.0
aut,2015,6.0
aut,2016,6.0
aze,1995,53.0
aze,1996,61.0
aze,1997,48.0
aze,1998,39.0
aze,1999,81.0
aze,2000,81.0
aze,2001,92.0
aze,2002,86.0
aze,2003,94.0
aze,2004,97.0
aze,2005,114.0
aze,2006,98.0
aze,2007,119.0
aze,2008,112.0
aze,2009,120.0
aze,2010,119.0
aze,2011,121.0
aze,2012,116.0
aze,2013,119.0
aze,2014,120.0
aze,2015,98.0
aze,2016,120.0
bel,1995,12.0
bel,1996,12.0
bel,1997,15.0
bel,1998,14.0
bel,1999,16.0
bel,2000,18.0
bel,2001,18.0
bel,2002,16.0
bel,2003,19.0
bel,2004,19.0
bel,2005,19.0
bel,2006,19.0
bel,2007,20.0
bel,2008,19.0
bel,2009,19.0
bel,2010,19.0
bel,2011,20.0
bel,2012,22.0
bel,2013,19.0
bel,2014,19.0
bel,2015,20.0
bel,2016,19.0
bgd,1995,106.0
bgd,1996,104.0
bgd,1997,97.0
bgd,1998,107.0
bgd,1999,109.0
bgd,2000,98.0
bgd,2001,102.0
bgd,2002,106.0
bgd,2003,115.0
bgd,2004,117.0
bgd,2005,112.0
bgd,2006,116.0
bgd,2007,106.0
bgd,2008,102.0
bgd,2009,105.0
bgd,2010,104.0
bgd,2011,108.0
bgd,2012,101.0
bgd,2013,108.0
bgd,2014,104.0
bgd,2015,103.0
bgd,2016,100.0
bgr,1995,38.0
bgr,1996,34.0
bgr,1997,33.0
bgr,1998,35.0
bgr,1999,39.0
bgr,2000,39.0
bgr,2001,39.0
bgr,2002,39.0
bgr,2003,38.0
bgr,2004,44.0
bgr,2005,44.0
bgr,2006,43.0
bgr,2007,41.0
bgr,2008,42.0
bgr,2009,42.0
bgr,2010,40.0
bgr,2011,41.0
bgr,2012,39.0
bgr,2013,38.0
bgr,2014,40.0
bgr,2015,40.0
bgr,2016,42.0
bih,1995,40.0
bih,1996,31.0
bih,1997,34.0
bih,1998,37.0
bih,1999,34.0
bih,2000,45.0
bih,2001,43.0
bih,2002,42.0
bih,2003,43.0
bih,2004,37.0
bih,2005,42.0
bih,2006,40.0
bih,2007,40.0
bih,2008,38.0
bih,2009,37.0
bih,2010,41.0
bih,2011,36.0
bih,2012,40.0
bih,2013,39.0
bih,2014,38.0
bih,2015,41.0
bih,2016,38.0
blr,1995,34.0
blr,1996,28.0
blr,1997,28.0
blr,1998,22.0
blr,1999,26.0
blr,2000,27.0
blr,2001,27.0
blr,2002,25.0
blr,2003,23.0
blr,2004,24.0
blr,2005,21.0
blr,2006,22.0
blr,2007,22.0
blr,2008,24.0
blr,2009,24.0
blr,2010,25.0
blr,2011,26.0
blr,2012,23.0
blr,2013,22.0
blr,2014,30.0
blr,2015,32.0
blr,2016,31.0
bol,1995,85.0
bol,1996,92.0
bol,1997,99.0
bol,1998,81.0
bol,1999,84.0
bol,2000,78.0
bol,2001,82.0
bol,2002,99.0
bol,2003,89.0
bol,2004,96.0
bol,2005,99.0
bol,2006,97.0
bol,2007,102.0
bol,2008,95.0
bol,2009,109.0
bol,2010,102.0
bol,2011,100.0
bol,2012,98.0
bol,2013,110.0
bol,2014,112.0
bol,2015,113.0
bol,2016,109.0
bra,1995,30.0
bra,1996,30.0
bra,1997,29.0
bra,1998,33.0
bra,1999,33.0
bra,2000,28.0
bra,2001,38.0
bra,2002,40.0
bra,2003,39.0
bra,2004,43.0
bra,2005,40.0
bra,2006,44.0
bra,2007,43.0
bra,2008,50.0
bra,2009,55.0
bra,2010,49.0
bra,2011,49.0
bra,2012,46.0
bra,2013,52.0
bra,2014,51.0
bra,2015,51.0
bra,2016,53.0
bwa,2000,77.0
bwa,2001,70.0
bwa,2002,60.0
bwa,2003,62.0
bwa,2004,84.0
bwa,2005,83.0
bwa,2006,106.0
bwa,2007,108.0
bwa,2008,75.0
bwa,2009,48.0
bwa,2010,63.0
bwa,2011,63.0
bwa,2012,75.0
bwa,2013,82.0
bwa,2014,94.0
bwa,2015,76.0
bwa,2016,96.0
can,1995,21.0
can,1996,23.0
can,1997,23.0
can,1998,23.0
can,1999,23.0
can,2000,25.0
can,2001,25.0
can,2002,23.0
can,2003,26.0
can,2004,29.0
can,2005,27.0
can,2006,28.0
can,2007,31.0
can,2008,37.0
can,2009,32.0
can,2010,38.0
can,2011,38.0
can,2012,36.0
can,2013,35.0
can,2014,39.0
can,2015,36.0
can,2016,35.0
che,1995,4.0
che,1996,3.0
che,1997,3.0
che,1998,3.0
che,1999,3.0
che,2000,3.0
che,2001,3.0
che,2002,3.0
che,2003,3.0
che,2004,3.0
che,2005,3.0
che,2006,3.0
che,2007,3.0
che,2008,3.0
che,2009,2.0
che,2010,2.0
che,2011,2.0
che,2012,2.0
che,2013,2.0
che,2014,2.0
che,2015,2.0
che,2016,2.0
chl,1995,70.0
chl,1996,55.0
chl,1997,66.0
chl,1998,63.0
chl,1999,59.0
chl,2000,61.0
chl,2001,65.0
chl,2002,62.0
chl,2003,65.0
chl,2004,70.0
chl,2005,66.0
chl,2006,65.0
chl,2007,63.0
chl,2008,65.0
chl,2009,73.0
chl,2010,69.0
chl,2011,67.0
chl,2012,72.0
chl,2013,69.0
chl,2014,70.0
chl,2015,69.0
chl,2016,64.0
chn,1995,50.0
chn,1996,40.0
chn,1997,37.0
chn,1998,41.0
chn,1999,40.0
chn,2000,37.0
chn,2001,34.0
chn,2002,37.0
chn,2003,36.0
chn,2004,35.0
chn,2005,35.0
chn,2006,31.0
chn,2007,33.0
chn,2008,28.0
chn,2009,28.0
chn,2010,28.0
chn,2011,25.0
chn,2012,21.0
chn,2013,20.0
chn,2014,21.0
chn,2015,24.0
chn,2016,18.0
civ,1995,97.0
civ,1996,107.0
civ,1997,91.0
civ,1998,105.0
civ,1999,78.0
civ,2000,103.0
civ,2001,97.0
civ,2002,101.0
civ,2003,95.0
civ,2004,103.0
civ,2005,107.0
civ,2006,100.0
civ,2007,113.0
civ,2008,115.0
civ,2009,112.0
civ,2010,115.0
civ,2011,112.0
civ,2012,110.0
civ,2013,107.0
civ,2014,103.0
civ,2015,102.0
civ,2016,123.0
cmr,1995,108.0
cmr,1996,109.0
cmr,1997,100.0
cmr,1998,122.0
cmr,1999,120.0
cmr,2000,122.0
cmr,2001,122.0
cmr,2002,113.0
cmr,2003,117.0
cmr,2004,122.0
cmr,2005,121.0
cmr,2006,122.0
cmr,2007,97.0
cmr,2008,103.0
cmr,2009,104.0
cmr,2010,103.0
cmr,2011,86.0
cmr,2012,102.0
cmr,2013,103.0
cmr,2014,91.0
cmr,2015,104.0
cmr,2016,111.0
cog,1995,107.0
cog,1996,99.0
cog,1997,120.0
cog,1998,118.0
cog,1999,119.0
cog,2000,124.0
cog,2001,120.0
cog,2002,120.0
cog,2003,118.0
cog,2004,120.0
cog,2005,126.0
cog,2006,124.0
cog,2007,120.0
cog,2008,124.0
cog,2009,116.0
cog,2010,122.0
cog,2011,122.0
cog,2012,115.0
cog,2013,116.0
cog,2014,116.0
cog,2015,125.0
cog,2016,122.0
col,1995,63.0
col,1996,65.0
col,1997,60.0
col,1998,55.0
col,1999,57.0
col,2000,55.0
col,2001,44.0
col,2002,51.0
col,2003,55.0
col,2004,54.0
col,2005,65.0
col,2006,53.0
col,2007,56.0
col,2008,51.0
col,2009,47.0
col,2010,58.0
col,2011,60.0
col,2012,63.0
col,2013,59.0
col,2014,62.0
col,2015,60.0
col,2016,61.0
cri,1995,74.0
cri,1996,67.0
cri,1997,67.0
cri,1998,68.0
cri,1999,69.0
cri,2000,63.0
cri,2001,52.0
cri,2002,57.0
cri,2003,63.0
cri,2004,55.0
cri,2005,58.0
cri,2006,56.0
cri,2007,57.0
cri,2008,54.0
cri,2009,60.0
cri,2010,52.0
cri,2011,52.0
cri,2012,49.0
cri,2013,47.0
cri,2014,46.0
cri,2015,47.0
cri,2016,46.0
cub,1995,76.0
cub,1996,95.0
cub,1997,94.0
cub,1998,85.0
cub,1999,68.0
cub,2000,101.0
cub,2001,95.0
cub,2002,94.0
cub,2003,82.0
cub,2004,58.0
cub,2005,57.0
cub,2006,93.0
cub,2007,88.0
cub,2008,72.0
cub,2009,64.0
cub,2010,83.0
cub,2011,80.0
cub,2012,54.0
cub,2013,73.0
cub,2014,82.0
cub,2015,94.0
cub,2016,89.0
cze,1995,14.0
cze,1996,14.0
cze,1997,14.0
cze,1998,12.0
cze,1999,12.0
cze,2000,11.0
cze,2001,10.0
cze,2002,10.0
cze,2003,9.0
cze,2004,11.0
cze,2005,9.0
cze,2006,8.0
cze,2007,8.0
cze,2008,11.0
cze,2009,8.0
cze,2010,8.0
cze,2011,7.0
cze,2012,8.0
cze,2013,8.0
cze,2014,8.0
cze,2015,7.0
cze,2016,7.0
deu,1995,2.0
deu,1996,2.0
deu,1997,2.0
deu,1998,2.0
deu,1999,2.0
deu,2000,2.0
deu,2001,2.0
deu,2002,2.0
deu,2003,2.0
deu,2004,2.0
deu,2005,2.0
deu,2006,2.0
deu,2007,2.0
deu,2008,2.0
deu,2009,3.0
deu,2010,3.0
deu,2011,3.0
deu,2012,4.0
deu,2013,3.0
deu,2014,3.0
deu,2015,3.0
deu,2016,4.0
dnk,1995,10.0
dnk,1996,13.0
dnk,1997,12.0
dnk,1998,13.0
dnk,1999,13.0
dnk,2000,14.0
dnk,2001,14.0
dnk,2002,14.0
dnk,2003,15.0
dnk,2004,16.0
dnk,2005,18.0
dnk,2006,18.0
dnk,2007,18.0
dnk,2008,18.0
dnk,2009,18.0
dnk,2010,18.0
dnk,2011,18.0
dnk,2012,19.0
dnk,2013,18.0
dnk,2014,20.0
dnk,2015,22.0
dnk,2016,23.0
dom,1995,90.0
dom,1996,76.0
dom,1997,83.0
dom,1998,95.0
dom,1999,88.0
dom,2000,82.0
dom,2001,78.0
dom,2002,79.0
dom,2003,79.0
dom,2004,76.0
dom,2005,69.0
dom,2006,68.0
dom,2007,59.0
dom,2008,64.0
dom,2009,68.0
dom,2010,65.0
dom,2011,71.0
dom,2012,73.0
dom,2013,72.0
dom,2014,66.0
dom,2015,67.0
dom,2016,68.0
dza,1995,102.0
dza,1996,89.0
dza,1997,105.0
dza,1998,103.0
dza,1999,114.0
dza,2000,102.0
dza,2001,108.0
dza,2002,102.0
dza,2003,106.0
dza,2004,94.0
dza,2005,91.0
dza,2006,103.0
dza,2007,121.0
dza,2008,119.0
dza,2009,118.0
dza,2010,111.0
dza,2011,119.0
dza,2012,123.0
dza,2013,117.0
dza,2014,114.0
dza,2015,118.0
dza,2016,98.0
ecu,1995,117.0
ecu,1996,115.0
ecu,1997,104.0
ecu,1998,108.0
ecu,1999,103.0
ecu,2000,108.0
ecu,2001,104.0
ecu,2002,100.0
ecu,2003,101.0
ecu,2004,104.0
ecu,2005,110.0
ecu,2006,107.0
ecu,2007,109.0
ecu,2008,96.0
ecu,2009,102.0
ecu,2010,98.0
ecu,2011,89.0
ecu,2012,99.0
ecu,2013,109.0
ecu,2014,111.0
ecu,2015,108.0
ecu,2016,113.0
egy,1995,78.0
egy,1996,83.0
egy,1997,73.0
egy,1998,75.0
egy,1999,76.0
egy,2000,66.0
egy,2001,71.0
egy,2002,78.0
egy,2003,77.0
egy,2004,74.0
egy,2005,70.0
egy,2006,70.0
egy,2007,70.0
egy,2008,66.0
egy,2009,67.0
egy,2010,68.0
egy,2011,69.0
egy,2012,74.0
egy,2013,67.0
egy,2014,64.0
egy,2015,66.0
egy,2016,65.0
esp,1995,19.0
esp,1996,18.0
esp,1997,21.0
esp,1998,20.0
esp,1999,21.0
esp,2000,20.0
esp,2001,22.0
esp,2002,21.0
esp,2003,24.0
esp,2004,23.0
esp,2005,23.0
esp,2006,25.0
esp,2007,25.0
esp,2008,25.0
esp,2009,26.0
esp,2010,24.0
esp,2011,29.0
esp,2012,28.0
esp,2013,30.0
esp,2014,31.0
esp,2015,30.0
esp,2016,33.0
est,1995,32.0
est,1996,33.0
est,1997,38.0
est,1998,34.0
est,1999,36.0
est,2000,36.0
est,2001,33.0
est,2002,33.0
est,2003,31.0
est,2004,31.0
est,2005,31.0
est,2006,30.0
est,2007,30.0
est,2008,30.0
est,2009,31.0
est,2010,34.0
est,2011,32.0
est,2012,33.0
est,2013,33.0
est,2014,28.0
est,2015,28.0
est,2016,26.0
eth,1995,119.0
eth,1996,113.0
eth,1997,112.0
eth,1998,114.0
eth,1999,112.0
eth,2000,111.0
eth,2001,106.0
eth,2002,121.0
eth,2003,112.0
eth,2004,115.0
eth,2005,111.0
eth,2006,117.0
eth,2007,110.0
eth,2008,99.0
eth,2009,100.0
eth,2010,100.0
eth,2011,113.0
eth,2012,105.0
eth,2013,111.0
eth,2014,113.0
eth,2015,110.0
eth,2016,110.0
fin,1995,5.0
fin,1996,6.0
fin,1997,5.0
fin,1998,5.0
fin,1999,7.0
fin,2000,6.0
fin,2001,6.0
fin,2002,5.0
fin,2003,5.0
fin,2004,6.0
fin,2005,5.0
fin,2006,5.0
fin,2007,5.0
fin,2008,6.0
fin,2009,6.0
fin,2010,9.0
fin,2011,5.0
fin,2012,9.0
fin,2013,9.0
fin,2014,9.0
fin,2015,12.0
fin,2016,9.0
fra,1995,9.0
fra,1996,9.0
fra,1997,9.0
fra,1998,9.0
fra,1999,9.0
fra,2000,10.0
fra,2001,11.0
fra,2002,11.0
fra,2003,11.0
fra,2004,12.0
fra,2005,13.0
fra,2006,12.0
fra,2007,13.0
fra,2008,13.0
fra,2009,13.0
fra,2010,15.0
fra,2011,15.0
fra,2012,14.0
fra,2013,15.0
fra,2014,17.0
fra,2015,16.0
fra,2016,17.0
gab,1995,113.0
gab,1996,119.0
gab,1997,110.0
gab,1998,110.0
gab,1999,101.0
gab,2000,116.0
gab,2001,119.0
gab,2002,115.0
gab,2003,109.0
gab,2004,109.0
gab,2005,117.0
gab,2006,99.0
gab,2007,103.0
gab,2008,98.0
gab,2009,96.0
gab,2010,110.0
gab,2011,105.0
gab,2012,118.0
gab,2013,120.0
gab,2014,121.0
gab,2015,124.0
gab,2016,126.0
gbr,1995,8.0
gbr,1996,8.0
gbr,1997,8.0
gbr,1998,6.0
gbr,1999,5.0
gbr,2000,5.0
gbr,2001,5.0
gbr,2002,6.0
gbr,2003,7.0
gbr,2004,7.0
gbr,2005,7.0
gbr,2006,6.0
gbr,2007,7.0
gbr,2008,7.0
gbr,2009,9.0
gbr,2010,10.0
gbr,2011,10.0
gbr,2012,10.0
gbr,2013,12.0
gbr,2014,10.0
gbr,2015,11.0
gbr,2016,12.0
geo,1995,24.0
geo,1996,44.0
geo,1997,44.0
geo,1998,43.0
geo,1999,45.0
geo,2000,41.0
geo,2001,61.0
geo,2002,46.0
geo,2003,51.0
geo,2004,61.0
geo,2005,62.0
geo,2006,64.0
geo,2007,68.0
geo,2008,74.0
geo,2009,65.0
geo,2010,74.0
geo,2011,57.0
geo,2012,69.0
geo,2013,64.0
geo,2014,68.0
geo,2015,65.0
geo,2016,69.0
gha,1995,116.0
gha,1996,110.0
gha,1997,103.0
gha,1998,111.0
gha,1999,111.0
gha,2000,109.0
gha,2001,99.0
gha,2002,111.0
gha,2003,104.0
gha,2004,102.0
gha,2005,102.0
gha,2006,112.0
gha,2007,94.0
gha,2008,101.0
gha,2009,101.0
gha,2010,95.0
gha,2011,87.0
gha,2012,111.0
gha,2013,97.0
gha,2014,110.0
gha,2015,123.0
gha,2016,104.0
gin,1995,105.0
gin,1996,111.0
gin,1997,114.0
gin,1998,124.0
gin,1999,124.0
gin,2000,120.0
gin,2001,115.0
gin,2002,122.0
gin,2003,122.0
gin,2004,110.0
gin,2005,120.0
gin,2006,121.0
gin,2007,122.0
gin,2008,120.0
gin,2009,125.0
gin,2010,126.0
gin,2011,125.0
gin,2012,126.0
gin,2013,127.0
gin,2014,125.0
gin,2015,117.0
gin,2016,124.0
grc,1995,57.0
grc,1996,47.0
grc,1997,53.0
grc,1998,50.0
grc,1999,49.0
grc,2000,47.0
grc,2001,45.0
grc,2002,47.0
grc,2003,44.0
grc,2004,47.0
grc,2005,49.0
grc,2006,50.0
grc,2007,49.0
grc,2008,48.0
grc,2009,52.0
grc,2010,53.0
grc,2011,50.0
grc,2012,52.0
grc,2013,56.0
grc,2014,56.0
grc,2015,57.0
grc,2016,58.0
gtm,1995,72.0
gtm,1996,70.0
gtm,1997,71.0
gtm,1998,76.0
gtm,1999,74.0
gtm,2000,76.0
gtm,2001,76.0
gtm,2002,83.0
gtm,2003,78.0
gtm,2004,78.0
gtm,2005,77.0
gtm,2006,67.0
gtm,2007,66.0
gtm,2008,68.0
gtm,2009,76.0
gtm,2010,70.0
gtm,2011,70.0
gtm,2012,67.0
gtm,2013,71.0
gtm,2014,72.0
gtm,2015,73.0
gtm,2016,74.0
hkg,1995,28.0
hkg,1996,26.0
hkg,1997,25.0
hkg,1998,28.0
hkg,1999,24.0
hkg,2000,26.0
hkg,2001,26.0
hkg,2002,28.0
hkg,2003,33.0
hkg,2004,28.0
hkg,2005,32.0
hkg,2006,34.0
hkg,2007,26.0
hkg,2008,29.0
hkg,2009,34.0
hkg,2010,26.0
hkg,2011,22.0
hkg,2012,16.0
hkg,2013,24.0
hkg,2014,18.0
hkg,2015,27.0
hkg,2016,28.0
hnd,1995,101.0
hnd,1996,81.0
hnd,1997,84.0
hnd,1998,100.0
hnd,1999,93.0
hnd,2000,89.0
hnd,2001,84.0
hnd,2002,89.0
hnd,2003,83.0
hnd,2004,89.0
hnd,2005,98.0
hnd,2006,88.0
hnd,2007,93.0
hnd,2008,93.0
hnd,2009,88.0
hnd,2010,89.0
hnd,2011,84.0
hnd,2012,85.0
hnd,2013,90.0
hnd,2014,77.0
hnd,2015,79.0
hnd,2016,80.0
hrv,1995,25.0
hrv,1996,29.0
hrv,1997,32.0
hrv,1998,31.0
hrv,1999,29.0
hrv,2000,30.0
hrv,2001,29.0
hrv,2002,32.0
hrv,2003,34.0
hrv,2004,30.0
hrv,2005,30.0
hrv,2006,27.0
hrv,2007,27.0
hrv,2008,26.0
hrv,2009,25.0
hrv,2010,30.0
hrv,2011,27.0
hrv,2012,30.0
hrv,2013,31.0
hrv,2014,32.0
hrv,2015,34.0
hrv,2016,32.0
hun,1995,23.0
hun,1996,22.0
hun,1997,22.0
hun,1998,26.0
hun,1999,25.0
hun,2000,21.0
hun,2001,20.0
hun,2002,19.0
hun,2003,18.0
hun,2004,17.0
hun,2005,16.0
hun,2006,14.0
hun,2007,14.0
hun,2008,14.0
hun,2009,10.0
hun,2010,11.0
hun,2011,11.0
hun,2012,11.0
hun,2013,10.0
hun,2014,11.0
hun,2015,10.0
hun,2016,11.0
idn,1995,84.0
idn,1996,71.0
idn,1997,69.0
idn,1998,71.0
idn,1999,64.0
idn,2000,57.0
idn,2001,56.0
idn,2002,56.0
idn,2003,57.0
idn,2004,63.0
idn,2005,60.0
idn,2006,62.0
idn,2007,60.0
idn,2008,62.0
idn,2009,69.0
idn,2010,67.0
idn,2011,65.0
idn,2012,61.0
idn,2013,62.0
idn,2014,53.0
idn,2015,58.0
idn,2016,59.0
ind,1995,64.0
ind,1996,56.0
ind,1997,56.0
ind,1998,51.0
ind,1999,50.0
ind,2000,46.0
ind,2001,48.0
ind,2002,49.0
ind,2003,47.0
ind,2004,53.0
ind,2005,52.0
ind,2006,49.0
ind,2007,50.0
ind,2008,53.0
ind,2009,49.0
ind,2010,55.0
ind,2011,51.0
ind,2012,48.0
ind,2013,50.0
ind,2014,47.0
ind,2015,45.0
ind,2016,49.0
irl,1995,16.0
irl,1996,11.0
irl,1997,11.0
irl,1998,10.0
irl,1999,10.0
irl,2000,9.0
irl,2001,9.0
irl,2002,9.0
irl,2003,13.0
irl,2004,13.0
irl,2005,14.0
irl,2006,17.0
irl,2007,17.0
irl,2008,10.0
irl,2009,14.0
irl,2010,16.0
irl,2011,16.0
irl,2012,18.0
irl,2013,16.0
irl,2014,13.0
irl,2015,13.0
irl,2016,14.0
irn,1995,94.0
irn,1996,103.0
irn,1997,106.0
irn,1998,96.0
irn,1999,99.0
irn,2000,106.0
irn,2001,109.0
irn,2002,110.0
irn,2003,108.0
irn,2004,106.0
irn,2005,97.0
irn,2006,95.0
irn,2007,105.0
irn,2008,117.0
irn,2009,119.0
irn,2010,112.0
irn,2011,114.0
irn,2012,112.0
irn,2013,96.0
irn,2014,96.0
irn,2015,90.0
irn,2016,87.0
isr,1995,18.0
isr,1996,17.0
isr,1997,17.0
isr,1998,17.0
isr,1999,17.0
isr,2000,22.0
isr,2001,21.0
isr,2002,24.0
isr,2003,22.0
isr,2004,26.0
isr,2005,25.0
isr,2006,24.0
isr,2007,24.0
isr,2008,23.0
isr,2009,23.0
isr,2010,20.0
isr,2011,19.0
isr,2012,20.0
isr,2013,26.0
isr,2014,27.0
isr,2015,26.0
isr,2016,29.0
ita,1995,11.0
ita,1996,10.0
ita,1997,10.0
ita,1998,11.0
ita,1999,11.0
ita,2000,13.0
ita,2001,13.0
ita,2002,15.0
ita,2003,14.0
ita,2004,14.0
ita,2005,15.0
ita,2006,16.0
ita,2007,16.0
ita,2008,17.0
ita,2009,17.0
ita,2010,17.0
ita,2011,17.0
ita,2012,17.0
ita,2013,17.0
ita,2014,16.0
ita,2015,17.0
ita,2016,16.0
jam,1995,92.0
jam,1996,82.0
jam,1997,93.0
jam,1998,99.0
jam,1999,98.0
jam,2000,97.0
jam,2001,90.0
jam,2002,88.0
jam,2003,81.0
jam,2004,85.0
jam,2005,95.0
jam,2006,75.0
jam,2007,92.0
jam,2008,76.0
jam,2009,77.0
jam,2010,72.0
jam,2011,54.0
jam,2012,76.0
jam,2013,74.0
jam,2014,73.0
jam,2015,71.0
jam,2016,70.0
jor,1995,33.0
jor,1996,53.0
jor,1997,41.0
jor,1998,57.0
jor,1999,37.0
jor,2000,38.0
jor,2001,41.0
jor,2002,48.0
jor,2003,52.0
jor,2004,49.0
jor,2005,50.0
jor,2006,48.0
jor,2007,48.0
jor,2008,46.0
jor,2009,45.0
jor,2010,46.0
jor,2011,47.0
jor,2012,51.0
jor,2013,53.0
jor,2014,49.0
jor,2015,52.0
jor,2016,55.0
jpn,1995,1.0
jpn,1996,1.0
jpn,1997,1.0
jpn,1998,1.0
jpn,1999,1.0
jpn,2000,1.0
jpn,2001,1.0
jpn,2002,1.0
jpn,2003,1.0
jpn,2004,1.0
jpn,2005,1.0
jpn,2006,1.0
jpn,2007,1.0
jpn,2008,1.0
jpn,2009,1.0
jpn,2010,1.0
jpn,2011,1.0
jpn,2012,1.0
jpn,2013,1.0
jpn,2014,1.0
jpn,2015,1.0
jpn,2016,1.0
kaz,1995,35.0
kaz,1996,36.0
kaz,1997,52.0
kaz,1998,56.0
kaz,1999,61.0
kaz,2000,67.0
kaz,2001,68.0
kaz,2002,68.0
kaz,2003,75.0
kaz,2004,80.0
kaz,2005,75.0
kaz,2006,76.0
kaz,2007,84.0
kaz,2008,90.0
kaz,2009,91.0
kaz,2010,99.0
kaz,2011,101.0
kaz,2012,80.0
kaz,2013,106.0
kaz,2014,84.0
kaz,2015,91.0
kaz,2016,84.0
ken,1995,73.0
ken,1996,88.0
ken,1997,78.0
ken,1998,90.0
ken,1999,90.0
ken,2000,94.0
ken,2001,86.0
ken,2002,91.0
ken,2003,97.0
ken,2004,91.0
ken,2005,93.0
ken,2006,79.0
ken,2007,86.0
ken,2008,78.0
ken,2009,72.0
ken,2010,71.0
ken,2011,76.0
ken,2012,83.0
ken,2013,81.0
ken,2014,80.0
ken,2015,88.0
ken,2016,88.0
kgz,1995,37.0
kgz,1996,51.0
kgz,1997,61.0
kgz,1998,53.0
kgz,1999,58.0
kgz,2000,60.0
kgz,2001,73.0
kgz,2002,74.0
kgz,2003,80.0
kgz,2004,83.0
kgz,2005,85.0
kgz,2006,69.0
kgz,2007,62.0
kgz,2008,67.0
kgz,2009,66.0
kgz,2010,85.0
kgz,2011,82.0
kgz,2012,59.0
kgz,2013,51.0
kgz,2014,86.0
kgz,2015,62.0
kgz,2016,57.0
khm,1995,115.0
khm,1996,112.0
khm,1997,108.0
khm,1998,119.0
khm,1999,116.0
khm,2000,100.0
khm,2001,103.0
khm,2002,103.0
khm,2003,107.0
khm,2004,116.0
khm,2005,115.0
khm,2006,111.0
khm,2007,107.0
khm,2008,97.0
khm,2009,106.0
khm,2010,94.0
khm,2011,102.0
khm,2012,93.0
khm,2013,91.0
khm,2014,90.0
khm,2015,82.0
khm,2016,91.0
kor,1995,22.0
kor,1996,21.0
kor,1997,20.0
kor,1998,21.0
kor,1999,20.0
kor,2000,17.0
kor,2001,15.0
kor,2002,18.0
kor,2003,17.0
kor,2004,15.0
kor,2005,10.0
kor,2006,9.0
kor,2007,10.0
kor,2008,9.0
kor,2009,11.0
kor,2010,7.0
kor,2011,8.0
kor,2012,5.0
kor,2013,6.0
kor,2014,5.0
kor,2015,4.0
kor,2016,3.0
kwt,1995,86.0
kwt,1996,86.0
kwt,1997,119.0
kwt,1998,67.0
kwt,1999,91.0
kwt,2000,114.0
kwt,2001,96.0
kwt,2002,90.0
kwt,2003,88.0
kwt,2004,56.0
kwt,2005,82.0
kwt,2006,71.0
kwt,2007,96.0
kwt,2008,109.0
kwt,2009,122.0
kwt,2010,76.0
kwt,2011,103.0
kwt,2012,96.0
kwt,2013,78.0
kwt,2014,107.0
kwt,2015,84.0
kwt,2016,73.0
lao,1995,120.0
lao,1996,97.0
lao,1997,96.0
lao,1998,92.0
lao,1999,106.0
lao,2000,105.0
lao,2001,101.0
lao,2002,109.0
lao,2003,110.0
lao,2004,108.0
lao,2005,109.0
lao,2006,104.0
lao,2007,99.0
lao,2008,100.0
lao,2009,107.0
lao,2010,108.0
lao,2011,109.0
lao,2012,108.0
lao,2013,105.0
lao,2014,102.0
lao,2015,100.0
lao,2016,103.0
lbn,1995,51.0
lbn,1996,50.0
lbn,1997,45.0
lbn,1998,47.0
lbn,1999,46.0
lbn,2000,50.0
lbn,2001,50.0
lbn,2002,44.0
lbn,2003,48.0
lbn,2004,45.0
lbn,2005,45.0
lbn,2006,47.0
lbn,2007,44.0
lbn,2008,44.0
lbn,2009,43.0
lbn,2010,45.0
lbn,2011,44.0
lbn,2012,47.0
lbn,2013,44.0
lbn,2014,44.0
lbn,2015,44.0
lbn,2016,44.0
lbr,1995,77.0
lbr,1996,105.0
lbr,1997,82.0
lbr,1998,91.0
lbr,1999,80.0
lbr,2000,90.0
lbr,2001,79.0
lbr,2002,72.0
lbr,2003,41.0
lbr,2004,51.0
lbr,2005,67.0
lbr,2006,96.0
lbr,2007,87.0
lbr,2008,91.0
lbr,2009,74.0
lbr,2010,79.0
lbr,2011,92.0
lbr,2012,87.0
lbr,2013,86.0
lbr,2014,99.0
lbr,2015,105.0
lbr,2016,95.0
lby,1995,83.0
lby,1996,101.0
lby,1997,95.0
lby,1998,98.0
lby,1999,105.0
lby,2000,117.0
lby,2001,117.0
lby,2002,75.0
lby,2003,93.0
lby,2004,112.0
lby,2005,89.0
lby,2006,94.0
lby,2007,118.0
lby,2008,122.0
lby,2009,126.0
lby,2010,118.0
lby,2011,123.0
lby,2012,127.0
lby,2013,125.0
lby,2014,122.0
lby,2015,120.0
lby,2016,105.0
lka,1995,103.0
lka,1996,102.0
lka,1997,89.0
lka,1998,97.0
lka,1999,87.0
lka,2000,79.0
lka,2001,80.0
lka,2002,81.0
lka,2003,86.0
lka,2004,86.0
lka,2005,84.0
lka,2006,82.0
lka,2007,79.0
lka,2008,71.0
lka,2009,83.0
lka,2010,78.0
lka,2011,75.0
lka,2012,78.0
lka,2013,75.0
lka,2014,71.0
lka,2015,80.0
lka,2016,77.0
ltu,1995,39.0
ltu,1996,41.0
ltu,1997,40.0
ltu,1998,44.0
ltu,1999,44.0
ltu,2000,43.0
ltu,2001,42.0
ltu,2002,43.0
ltu,2003,42.0
ltu,2004,41.0
ltu,2005,38.0
ltu,2006,38.0
ltu,2007,37.0
ltu,2008,33.0
ltu,2009,38.0
ltu,2010,33.0
ltu,2011,28.0
ltu,2012,32.0
ltu,2013,32.0
ltu,2014,33.0
ltu,2015,33.0
ltu,2016,34.0
lva,1995,46.0
lva,1996,45.0
lva,1997,39.0
lva,1998,45.0
lva,1999,43.0
lva,2000,35.0
lva,2001,37.0
lva,2002,34.0
lva,2003,35.0
lva,2004,39.0
lva,2005,37.0
lva,2006,37.0
lva,2007,36.0
lva,2008,36.0
lva,2009,33.0
lva,2010,37.0
lva,2011,34.0
lva,2012,34.0
lva,2013,34.0
lva,2014,35.0
lva,2015,38.0
lva,2016,41.0
mar,1995,96.0
mar,1996,85.0
mar,1997,86.0
mar,1998,93.0
mar,1999,92.0
mar,2000,88.0
mar,2001,94.0
mar,2002,92.0
mar,2003,84.0
mar,2004,87.0
mar,2005,80.0
mar,2006,85.0
mar,2007,76.0
mar,2008,81.0
mar,2009,78.0
mar,2010,75.0
mar,2011,77.0
mar,2012,84.0
mar,2013,80.0
mar,2014,88.0
mar,2015,87.0
mar,2016,82.0
mda,1995,42.0
mda,1996,46.0
mda,1997,49.0
mda,1998,65.0
mda,1999,56.0
mda,2000,56.0
mda,2001,55.0
mda,2002,66.0
mda,2003,60.0
mda,2004,73.0
mda,2005,64.0
mda,2006,55.0
mda,2007,51.0
mda,2008,59.0
mda,2009,56.0
mda,2010,56.0
mda,2011,53.0
mda,2012,53.0
mda,2013,48.0
mda,2014,63.0
mda,2015,63.0
mda,2016,63.0
mdg,1995,112.0
mdg,1996,114.0
mdg,1997,115.0
mdg,1998,116.0
mdg,1999,108.0
mdg,2000,107.0
mdg,2001,113.0
mdg,2002,108.0
mdg,2003,111.0
mdg,2004,114.0
mdg,2005,105.0
mdg,2006,105.0
mdg,2007,101.0
mdg,2008,106.0
mdg,2009,97.0
mdg,2010,81.0
mdg,2011,93.0
mdg,2012,103.0
mdg,2013,99.0
mdg,2014,97.0
mdg,2015,99.0
mdg,2016,106.0
mex,1995,27.0
mex,1996,25.0
mex,1997,26.0
mex,1998,27.0
mex,1999,22.0
mex,2000,24.0
mex,2001,23.0
mex,2002,22.0
mex,2003,20.0
mex,2004,21.0
mex,2005,20.0
mex,2006,20.0
mex,2007,19.0
mex,2008,20.0
mex,2009,21.0
mex,2010,21.0
mex,2011,23.0
mex,2012,26.0
mex,2013,21.0
mex,2014,22.0
mex,2015,18.0
mex,2016,21.0
mkd,1995,43.0
mkd,1996,43.0
mkd,1997,46.0
mkd,1998,61.0
mkd,1999,51.0
mkd,2000,49.0
mkd,2001,60.0
mkd,2002,67.0
mkd,2003,69.0
mkd,2004,64.0
mkd,2005,68.0
mkd,2006,63.0
mkd,2007,64.0
mkd,2008,61.0
mkd,2009,62.0
mkd,2010,62.0
mkd,2011,66.0
mkd,2012,66.0
mkd,2013,66.0
mkd,2014,69.0
mkd,2015,70.0
mkd,2016,62.0
mli,1995,99.0
mli,1996,108.0
mli,1997,113.0
mli,1998,115.0
mli,1999,110.0
mli,2000,72.0
mli,2001,93.0
mli,2002,105.0
mli,2003,119.0
mli,2004,90.0
mli,2005,103.0
mli,2006,91.0
mli,2007,90.0
mli,2008,84.0
mli,2009,98.0
mli,2010,97.0
mli,2011,104.0
mli,2012,109.0
mli,2013,115.0
mli,2014,119.0
mli,2015,109.0
mli,2016,79.0
mng,1995,100.0
mng,1996,91.0
mng,1997,80.0
mng,1998,89.0
mng,1999,85.0
mng,2000,85.0
mng,2001,91.0
mng,2002,93.0
mng,2003,100.0
mng,2004,113.0
mng,2005,101.0
mng,2006,102.0
mng,2007,111.0
mng,2008,116.0
mng,2009,95.0
mng,2010,116.0
mng,2011,106.0
mng,2012,122.0
mng,2013,118.0
mng,2014,115.0
mng,2015,114.0
mng,2016,112.0
moz,1995,82.0
moz,1996,75.0
moz,1997,75.0
moz,1998,88.0
moz,1999,66.0
moz,2000,86.0
moz,2001,110.0
moz,2002,123.0
moz,2003,113.0
moz,2004,123.0
moz,2005,122.0
moz,2006,113.0
moz,2007,117.0
moz,2008,111.0
moz,2009,110.0
moz,2010,125.0
moz,2011,117.0
moz,2012,114.0
moz,2013,112.0
moz,2014,109.0
moz,2015,107.0
moz,2016,115.0
mrt,1995,118.0
mrt,1996,100.0
mrt,1997,121.0
mrt,1998,113.0
mrt,1999,117.0
mrt,2000,118.0
mrt,2001,112.0
mrt,2002,107.0
mrt,2003,87.0
mrt,2004,125.0
mrt,2005,123.0
mrt,2006,126.0
mrt,2007,124.0
mrt,2008,127.0
mrt,2009,121.0
mrt,2010,127.0
mrt,2011,126.0
mrt,2012,125.0
mrt,2013,126.0
mrt,2014,127.0
mrt,2015,119.0
mrt,2016,121.0
mus,1995,91.0
mus,1996,84.0
mus,1997,76.0
mus,1998,77.0
mus,1999,71.0
mus,2000,70.0
mus,2001,69.0
mus,2002,85.0
mus,2003,74.0
mus,2004,66.0
mus,2005,71.0
mus,2006,74.0
mus,2007,65.0
mus,2008,73.0
mus,2009,61.0
mus,2010,60.0
mus,2011,61.0
mus,2012,58.0
mus,2013,63.0
mus,2014,58.0
mus,2015,68.0
mus,2016,72.0
mwi,1995,110.0
mwi,1996,117.0
mwi,1997,109.0
mwi,1998,117.0
mwi,1999,107.0
mwi,2000,110.0
mwi,2001,121.0
mwi,2002,125.0
mwi,2003,124.0
mwi,2004,118.0
mwi,2005,119.0
mwi,2006,110.0
mwi,2007,114.0
mwi,2008,108.0
mwi,2009,117.0
mwi,2010,109.0
mwi,2011,111.0
mwi,2012,107.0
mwi,2013,100.0
mwi,2014,75.0
mwi,2015,89.0
mwi,2016,119.0
mys,1995,44.0
mys,1996,39.0
mys,1997,35.0
mys,1998,36.0
mys,1999,30.0
mys,2000,42.0
mys,2001,28.0
mys,2002,27.0
mys,2003,27.0
mys,2004,22.0
mys,2005,28.0
mys,2006,29.0
mys,2007,32.0
mys,2008,32.0
mys,2009,35.0
mys,2010,29.0
mys,2011,30.0
mys,2012,29.0
mys,2013,28.0
mys,2014,26.0
mys,2015,19.0
mys,2016,22.0
nam,2000,71.0
nam,2001,74.0
nam,2002,63.0
nam,2003,53.0
nam,2004,79.0
nam,2005,78.0
nam,2006,81.0
nam,2007,77.0
nam,2008,63.0
nam,2009,57.0
nam,2010,73.0
nam,2011,72.0
nam,2012,71.0
nam,2013,70.0
nam,2014,76.0
nam,2015,75.0
nam,2016,78.0
nga,1995,123.0
nga,1996,122.0
nga,1997,123.0
nga,1998,120.0
nga,1999,122.0
nga,2000,126.0
nga,2001,125.0
nga,2002,112.0
nga,2003,123.0
nga,2004,126.0
nga,2005,127.0
nga,2006,127.0
nga,2007,125.0
nga,2008,125.0
nga,2009,123.0
nga,2010,124.0
nga,2011,127.0
nga,2012,124.0
nga,2013,122.0
nga,2014,123.0
nga,2015,127.0
nga,2016,125.0
nic,1995,93.0
nic,1996,90.0
nic,1997,88.0
nic,1998,102.0
nic,1999,96.0
nic,2000,99.0
nic,2001,98.0
nic,2002,80.0
nic,2003,98.0
nic,2004,105.0
nic,2005,108.0
nic,2006,114.0
nic,2007,98.0
nic,2008,92.0
nic,2009,99.0
nic,2010,106.0
nic,2011,94.0
nic,2012,94.0
nic,2013,101.0
nic,2014,100.0
nic,2015,101.0
nic,2016,97.0
nld,1995,13.0
nld,1996,16.0
nld,1997,16.0
nld,1998,18.0
nld,1999,18.0
nld,2000,19.0
nld,2001,19.0
nld,2002,20.0
nld,2003,21.0
nld,2004,20.0
nld,2005,22.0
nld,2006,21.0
nld,2007,23.0
nld,2008,21.0
nld,2009,22.0
nld,2010,23.0
nld,2011,24.0
nld,2012,24.0
nld,2013,25.0
nld,2014,23.0
nld,2015,25.0
nld,2016,25.0
nor,1995,29.0
nor,1996,32.0
nor,1997,31.0
nor,1998,24.0
nor,1999,28.0
nor,2000,34.0
nor,2001,32.0
nor,2002,29.0
nor,2003,28.0
nor,2004,27.0
nor,2005,29.0
nor,2006,26.0
nor,2007,29.0
nor,2008,35.0
nor,2009,27.0
nor,2010,35.0
nor,2011,39.0
nor,2012,42.0
nor,2013,37.0
nor,2014,34.0
nor,2015,31.0
nor,2016,39.0
nzl,1995,41.0
nzl,1996,42.0
nzl,1997,43.0
nzl,1998,40.0
nzl,1999,42.0
nzl,2000,44.0
nzl,2001,47.0
nzl,2002,41.0
nzl,2003,45.0
nzl,2004,42.0
nzl,2005,43.0
nzl,2006,46.0
nzl,2007,46.0
nzl,2008,45.0
nzl,2009,51.0
nzl,2010,51.0
nzl,2011,48.0
nzl,2012,50.0
nzl,2013,49.0
nzl,2014,50.0
nzl,2015,48.0
nzl,2016,54.0
omn,1995,61.0
omn,1996,79.0
omn,1997,57.0
omn,1998,64.0
omn,1999,73.0
omn,2000,93.0
omn,2001,111.0
omn,2002,82.0
omn,2003,92.0
omn,2004,68.0
omn,2005,72.0
omn,2006,92.0
omn,2007,78.0
omn,2008,88.0
omn,2009,79.0
omn,2010,80.0
omn,2011,83.0
omn,2012,91.0
omn,2013,79.0
omn,2014,74.0
omn,2015,78.0
omn,2016,71.0
pak,1995,104.0
pak,1996,96.0
pak,1997,98.0
pak,1998,109.0
pak,1999,94.0
pak,2000,92.0
pak,2001,87.0
pak,2002,96.0
pak,2003,96.0
pak,2004,95.0
pak,2005,94.0
pak,2006,90.0
pak,2007,89.0
pak,2008,86.0
pak,2009,86.0
pak,2010,93.0
pak,2011,90.0
pak,2012,95.0
pak,2013,95.0
pak,2014,93.0
pak,2015,92.0
pak,2016,92.0
pan,1995,58.0
pan,1996,59.0
pan,1997,55.0
pan,1998,59.0
pan,1999,54.0
pan,2000,54.0
pan,2001,49.0
pan,2002,50.0
pan,2003,58.0
pan,2004,50.0
pan,2005,54.0
pan,2006,41.0
pan,2007,42.0
pan,2008,41.0
pan,2009,41.0
pan,2010,32.0
pan,2011,35.0
pan,2012,35.0
pan,2013,45.0
pan,2014,48.0
pan,2015,49.0
pan,2016,37.0
per,1995,81.0
per,1996,80.0
per,1997,85.0
per,1998,78.0
per,1999,82.0
per,2000,83.0
per,2001,77.0
per,2002,84.0
per,2003,91.0
per,2004,93.0
per,2005,87.0
per,2006,89.0
per,2007,83.0
per,2008,83.0
per,2009,90.0
per,2010,91.0
per,2011,88.0
per,2012,92.0
per,2013,92.0
per,2014,92.0
per,2015,95.0
per,2016,94.0
phl,1995,75.0
phl,1996,64.0
phl,1997,62.0
phl,1998,72.0
phl,1999,70.0
phl,2000,65.0
phl,2001,57.0
phl,2002,53.0
phl,2003,56.0
phl,2004,59.0
phl,2005,56.0
phl,2006,52.0
phl,2007,55.0
phl,2008,47.0
phl,2009,46.0
phl,2010,44.0
phl,2011,45.0
phl,2012,44.0
phl,2013,41.0
phl,2014,36.0
phl,2015,37.0
phl,2016,30.0
png,1995,124.0
png,1996,123.0
png,1997,124.0
png,1998,123.0
png,1999,123.0
png,2000,123.0
png,2001,123.0
png,2002,124.0
png,2003,125.0
png,2004,124.0
png,2005,125.0
png,2006,123.0
png,2007,123.0
png,2008,121.0
png,2009,124.0
png,2010,120.0
png,2011,115.0
png,2012,100.0
png,2013,124.0
png,2014,117.0
png,2015,126.0
png,2016,127.0
pol,1995,26.0
pol,1996,24.0
pol,1997,24.0
pol,1998,25.0
pol,1999,27.0
pol,2000,23.0
pol,2001,24.0
pol,2002,26.0
pol,2003,25.0
pol,2004,25.0
pol,2005,24.0
pol,2006,23.0
pol,2007,21.0
pol,2008,22.0
pol,2009,20.0
pol,2010,22.0
pol,2011,21.0
pol,2012,25.0
pol,2013,23.0
pol,2014,25.0
pol,2015,23.0
pol,2016,20.0
prt,1995,45.0
prt,1996,37.0
prt,1997,36.0
prt,1998,38.0
prt,1999,35.0
prt,2000,32.0
prt,2001,31.0
prt,2002,35.0
prt,2003,32.0
prt,2004,33.0
prt,2005,36.0
prt,2006,36.0
prt,2007,38.0
prt,2008,34.0
prt,2009,39.0
prt,2010,36.0
prt,2011,37.0
prt,2012,37.0
prt,2013,36.0
prt,2014,37.0
prt,2015,35.0
prt,2016,36.0
pry,1995,88.0
pry,1996,93.0
pry,1997,81.0
pry,1998,83.0
pry,1999,95.0
pry,2000,95.0
pry,2001,100.0
pry,2002,98.0
pry,2003,102.0
pry,2004,99.0
pry,2005,96.0
pry,2006,87.0
pry,2007,85.0
pry,2008,87.0
pry,2009,87.0
pry,2010,92.0
pry,2011,79.0
pry,2012,88.0
pry,2013,87.0
pry,2014,89.0
pry,2015,81.0
pry,2016,90.0
qat,1995,87.0
qat,1996,106.0
qat,1997,111.0
qat,1998,74.0
qat,1999,100.0
qat,2000,104.0
qat,2001,85.0
qat,2002,77.0
qat,2003,68.0
qat,2004,52.0
qat,2005,86.0
qat,2006,73.0
qat,2007,80.0
qat,2008,110.0
qat,2009,103.0
qat,2010,88.0
qat,2011,95.0
qat,2012,70.0
qat,2013,88.0
qat,2014,78.0
qat,2015,77.0
qat,2016,76.0
rou,1995,31.0
rou,1996,35.0
rou,1997,27.0
rou,1998,32.0
rou,1999,32.0
rou,2000,33.0
rou,2001,35.0
rou,2002,38.0
rou,2003,40.0
rou,2004,40.0
rou,2005,39.0
rou,2006,32.0
rou,2007,28.0
rou,2008,27.0
rou,2009,29.0
rou,2010,31.0
rou,2011,33.0
rou,2012,31.0
rou,2013,29.0
rou,2014,29.0
rou,2015,29.0
rou,2016,24.0
rus,1995,36.0
rus,1996,38.0
rus,1997,42.0
rus,1998,30.0
rus,1999,31.0
rus,2000,29.0
rus,2001,36.0
rus,2002,31.0
rus,2003,30.0
rus,2004,38.0
rus,2005,33.0
rus,2006,42.0
rus,2007,45.0
rus,2008,49.0
rus,2009,50.0
rus,2010,47.0
rus,2011,56.0
rus,2012,56.0
rus,2013,55.0
rus,2014,52.0
rus,2015,50.0
rus,2016,48.0
sau,1995,55.0
sau,1996,62.0
sau,1997,90.0
sau,1998,48.0
sau,1999,63.0
sau,2000,87.0
sau,2001,67.0
sau,2002,52.0
sau,2003,50.0
sau,2004,36.0
sau,2005,51.0
sau,2006,58.0
sau,2007,71.0
sau,2008,104.0
sau,2009,81.0
sau,2010,66.0
sau,2011,73.0
sau,2012,68.0
sau,2013,54.0
sau,2014,61.0
sau,2015,53.0
sau,2016,50.0
sdn,1995,95.0
sdn,1996,116.0
sdn,1997,107.0
sdn,1998,94.0
sdn,1999,113.0
sdn,2000,119.0
sdn,2001,124.0
sdn,2002,116.0
sdn,2003,120.0
sdn,2004,121.0
sdn,2005,118.0
sdn,2006,120.0
sdn,2007,126.0
sdn,2008,126.0
sdn,2009,127.0
sdn,2010,123.0
sdn,2011,124.0
sdn,2012,121.0
sdn,2013,114.0
sdn,2014,124.0
sdn,2015,122.0
sdn,2016,114.0
sen,1995,68.0
sen,1996,94.0
sen,1997,87.0
sen,1998,73.0
sen,1999,83.0
sen,2000,74.0
sen,2001,75.0
sen,2002,76.0
sen,2003,76.0
sen,2004,77.0
sen,2005,73.0
sen,2006,83.0
sen,2007,73.0
sen,2008,82.0
sen,2009,84.0
sen,2010,84.0
sen,2011,96.0
sen,2012,82.0
sen,2013,83.0
sen,2014,83.0
sen,2015,86.0
sen,2016,85.0
sgp,1995,20.0
sgp,1996,20.0
sgp,1997,19.0
sgp,1998,19.0
sgp,1999,15.0
sgp,2000,15.0
sgp,2001,17.0
sgp,2002,12.0
sgp,2003,12.0
sgp,2004,9.0
sgp,2005,11.0
sgp,2006,13.0
sgp,2007,11.0
sgp,2008,8.0
sgp,2009,7.0
sgp,2010,5.0
sgp,2011,9.0
sgp,2012,3.0
sgp,2013,4.0
sgp,2014,4.0
sgp,2015,5.0
sgp,2016,5.0
slv,1995,71.0
slv,1996,69.0
slv,1997,65.0
slv,1998,66.0
slv,1999,62.0
slv,2000,64.0
slv,2001,62.0
slv,2002,73.0
slv,2003,71.0
slv,2004,69.0
slv,2005,74.0
slv,2006,61.0
slv,2007,61.0
slv,2008,58.0
slv,2009,63.0
slv,2010,59.0
slv,2011,58.0
slv,2012,55.0
slv,2013,61.0
slv,2014,54.0
slv,2015,55.0
slv,2016,52.0
srb,2005,26.0
srb,2006,35.0
srb,2007,34.0
srb,2008,39.0
srb,2009,36.0
srb,2010,39.0
srb,2011,40.0
srb,2012,38.0
srb,2013,40.0
srb,2014,42.0
srb,2015,39.0
srb,2016,40.0
svk,1995,17.0
svk,1996,19.0
svk,1997,18.0
svk,1998,16.0
svk,1999,19.0
svk,2000,16.0
svk,2001,16.0
svk,2002,17.0
svk,2003,16.0
svk,2004,18.0
svk,2005,17.0
svk,2006,15.0
svk,2007,15.0
svk,2008,16.0
svk,2009,16.0
svk,2010,14.0
svk,2011,14.0
svk,2012,15.0
svk,2013,11.0
svk,2014,12.0
svk,2015,15.0
svk,2016,15.0
svn,1995,15.0
svn,1996,15.0
svn,1997,13.0
svn,1998,15.0
svn,1999,14.0
svn,2000,12.0
svn,2001,12.0
svn,2002,13.0
svn,2003,10.0
svn,2004,10.0
svn,2005,12.0
svn,2006,11.0
svn,2007,12.0
svn,2008,15.0
svn,2009,12.0
svn,2010,13.0
svn,2011,13.0
svn,2012,13.0
svn,2013,13.0
svn,2014,15.0
svn,2015,14.0
svn,2016,13.0
swe,1995,3.0
swe,1996,4.0
swe,1997,4.0
swe,1998,4.0
swe,1999,4.0
swe,2000,4.0
swe,2001,4.0
swe,2002,4.0
swe,2003,4.0
swe,2004,4.0
swe,2005,4.0
swe,2006,4.0
swe,2007,4.0
swe,2008,4.0
swe,2009,4.0
swe,2010,6.0
swe,2011,4.0
swe,2012,6.0
swe,2013,5.0
swe,2014,7.0
swe,2015,8.0
swe,2016,8.0
tha,1995,52.0
tha,1996,48.0
tha,1997,47.0
tha,1998,49.0
tha,1999,41.0
tha,2000,40.0
tha,2001,40.0
tha,2002,36.0
tha,2003,37.0
tha,2004,34.0
tha,2005,41.0
tha,2006,39.0
tha,2007,35.0
tha,2008,31.0
tha,2009,30.0
tha,2010,27.0
tha,2011,31.0
tha,2012,27.0
tha,2013,27.0
tha,2014,24.0
tha,2015,21.0
tha,2016,27.0
tjk,1995,65.0
tjk,1996,60.0
tjk,1997,63.0
tjk,1998,82.0
tjk,1999,86.0
tjk,2000,91.0
tjk,2001,88.0
tjk,2002,104.0
tjk,2003,99.0
tjk,2004,100.0
tjk,2005,92.0
tjk,2006,109.0
tjk,2007,112.0
tjk,2008,113.0
tjk,2009,115.0
tjk,2010,113.0
tjk,2011,107.0
tjk,2012,119.0
tjk,2013,123.0
tjk,2014,108.0
tjk,2015,115.0
tjk,2016,107.0
tkm,1995,98.0
tkm,1996,78.0
tkm,1997,101.0
tkm,1998,84.0
tkm,1999,102.0
tkm,2000,113.0
tkm,2001,107.0
tkm,2002,119.0
tkm,2003,116.0
tkm,2004,107.0
tkm,2005,104.0
tkm,2006,118.0
tkm,2007,115.0
tkm,2008,118.0
tkm,2009,111.0
tkm,2010,105.0
tkm,2011,120.0
tkm,2012,120.0
tkm,2013,113.0
tkm,2014,105.0
tkm,2015,116.0
tkm,2016,101.0
tto,1995,54.0
tto,1996,63.0
tto,1997,59.0
tto,1998,46.0
tto,1999,55.0
tto,2000,69.0
tto,2001,54.0
tto,2002,69.0
tto,2003,67.0
tto,2004,65.0
tto,2005,81.0
tto,2006,77.0
tto,2007,91.0
tto,2008,80.0
tto,2009,80.0
tto,2010,87.0
tto,2011,81.0
tto,2012,77.0
tto,2013,85.0
tto,2014,67.0
tto,2015,61.0
tto,2016,67.0
tun,1995,66.0
tun,1996,66.0
tun,1997,68.0
tun,1998,70.0
tun,1999,67.0
tun,2000,58.0
tun,2001,59.0
tun,2002,54.0
tun,2003,70.0
tun,2004,67.0
tun,2005,63.0
tun,2006,54.0
tun,2007,54.0
tun,2008,56.0
tun,2009,53.0
tun,2010,48.0
tun,2011,46.0
tun,2012,45.0
tun,2013,46.0
tun,2014,45.0
tun,2015,46.0
tun,2016,45.0
tur,1995,59.0
tur,1996,54.0
tur,1997,51.0
tur,1998,58.0
tur,1999,52.0
tur,2000,51.0
tur,2001,51.0
tur,2002,55.0
tur,2003,49.0
tur,2004,48.0
tur,2005,46.0
tur,2006,45.0
tur,2007,47.0
tur,2008,43.0
tur,2009,44.0
tur,2010,43.0
tur,2011,43.0
tur,2012,43.0
tur,2013,43.0
tur,2014,43.0
tur,2015,42.0
tur,2016,43.0
tza,1995,114.0
tza,1996,120.0
tza,1997,117.0
tza,1998,112.0
tza,1999,104.0
tza,2000,112.0
tza,2001,114.0
tza,2002,118.0
tza,2003,114.0
tza,2004,111.0
tza,2005,113.0
tza,2006,115.0
tza,2007,104.0
tza,2008,94.0
tza,2009,94.0
tza,2010,96.0
tza,2011,98.0
tza,2012,90.0
tza,2013,93.0
tza,2014,106.0
tza,2015,97.0
tza,2016,108.0
uga,1995,121.0
uga,1996,121.0
uga,1997,118.0
uga,1998,106.0
uga,1999,118.0
uga,2000,115.0
uga,2001,116.0
uga,2002,117.0
uga,2003,103.0
uga,2004,101.0
uga,2005,100.0
uga,2006,101.0
uga,2007,95.0
uga,2008,85.0
uga,2009,85.0
uga,2010,90.0
uga,2011,85.0
uga,2012,81.0
uga,2013,77.0
uga,2014,79.0
uga,2015,74.0
uga,2016,75.0
ukr,1995,48.0
ukr,1996,27.0
ukr,1997,30.0
ukr,1998,29.0
ukr,1999,38.0
ukr,2000,31.0
ukr,2001,30.0
ukr,2002,30.0
ukr,2003,29.0
ukr,2004,32.0
ukr,2005,34.0
ukr,2006,33.0
ukr,2007,39.0
ukr,2008,40.0
ukr,2009,40.0
ukr,2010,42.0
ukr,2011,42.0
ukr,2012,41.0
ukr,2013,42.0
ukr,2014,41.0
ukr,2015,43.0
ukr,2016,47.0
ury,1995,49.0
ury,1996,52.0
ury,1997,54.0
ury,1998,52.0
ury,1999,47.0
ury,2000,48.0
ury,2001,46.0
ury,2002,64.0
ury,2003,54.0
ury,2004,57.0
ury,2005,48.0
ury,2006,59.0
ury,2007,53.0
ury,2008,52.0
ury,2009,54.0
ury,2010,54.0
ury,2011,55.0
ury,2012,60.0
ury,2013,58.0
ury,2014,55.0
ury,2015,54.0
ury,2016,60.0
usa,1995,7.0
usa,1996,7.0
usa,1997,7.0
usa,1998,8.0
usa,1999,6.0
usa,2000,8.0
usa,2001,8.0
usa,2002,8.0
usa,2003,8.0
usa,2004,8.0
usa,2005,8.0
usa,2006,10.0
usa,2007,9.0
usa,2008,12.0
usa,2009,15.0
usa,2010,12.0
usa,2011,12.0
usa,2012,12.0
usa,2013,14.0
usa,2014,14.0
usa,2015,9.0
usa,2016,10.0
uzb,1995,79.0
uzb,1996,74.0
uzb,1997,70.0
uzb,1998,79.0
uzb,1999,79.0
uzb,2000,80.0
uzb,2001,89.0
uzb,2002,95.0
uzb,2003,85.0
uzb,2004,88.0
uzb,2005,88.0
uzb,2006,86.0
uzb,2007,74.0
uzb,2008,89.0
uzb,2009,89.0
uzb,2010,86.0
uzb,2011,91.0
uzb,2012,89.0
uzb,2013,89.0
uzb,2014,85.0
uzb,2015,93.0
uzb,2016,93.0
ven,1995,62.0
ven,1996,68.0
ven,1997,72.0
ven,1998,60.0
ven,1999,65.0
ven,2000,68.0
ven,2001,63.0
ven,2002,58.0
ven,2003,66.0
ven,2004,75.0
ven,2005,59.0
ven,2006,80.0
ven,2007,100.0
ven,2008,105.0
ven,2009,93.0
ven,2010,114.0
ven,2011,116.0
ven,2012,113.0
ven,2013,104.0
ven,2014,98.0
ven,2015,121.0
ven,2016,118.0
vnm,1995,111.0
vnm,1996,98.0
vnm,1997,92.0
vnm,1998,104.0
vnm,1999,97.0
vnm,2000,84.0
vnm,2001,81.0
vnm,2002,87.0
vnm,2003,90.0
vnm,2004,82.0
vnm,2005,90.0
vnm,2006,72.0
vnm,2007,69.0
vnm,2008,69.0
vnm,2009,70.0
vnm,2010,64.0
vnm,2011,64.0
vnm,2012,62.0
vnm,2013,68.0
vnm,2014,59.0
vnm,2015,59.0
vnm,2016,56.0
yem,1995,109.0
yem,1996,118.0
yem,1997,116.0
yem,1998,101.0
yem,1999,115.0
yem,2000,121.0
yem,2001,118.0
yem,2002,114.0
yem,2003,121.0
yem,2004,119.0
yem,2005,116.0
yem,2006,119.0
yem,2007,116.0
yem,2008,114.0
yem,2009,113.0
yem,2010,117.0
yem,2011,110.0
yem,2012,117.0
yem,2013,121.0
yem,2014,126.0
yem,2015,111.0
yem,2016,99.0
zaf,1995,47.0
zaf,1996,49.0
zaf,1997,50.0
zaf,1998,42.0
zaf,1999,48.0
zaf,2000,52.0
zaf,2001,53.0
zaf,2002,45.0
zaf,2003,46.0
zaf,2004,46.0
zaf,2005,47.0
zaf,2006,51.0
zaf,2007,52.0
zaf,2008,55.0
zaf,2009,58.0
zaf,2010,57.0
zaf,2011,62.0
zaf,2012,57.0
zaf,2013,57.0
zaf,2014,57.0
zaf,2015,64.0
zaf,2016,66.0
zmb,1995,80.0
zmb,1996,87.0
zmb,1997,102.0
zmb,1998,86.0
zmb,1999,89.0
zmb,2000,96.0
zmb,2001,105.0
zmb,2002,97.0
zmb,2003,105.0
zmb,2004,98.0
zmb,2005,106.0
zmb,2006,108.0
zmb,2007,82.0
zmb,2008,107.0
zmb,2009,108.0
zmb,2010,107.0
zmb,2011,97.0
zmb,2012,104.0
zmb,2013,102.0
zmb,2014,101.0
zmb,2015,106.0
zmb,2016,117.0
zwe,1995,67.0
zwe,1996,72.0
zwe,1997,74.0
zwe,1998,87.0
zwe,1999,77.0
zwe,2000,75.0
zwe,2001,83.0
zwe,2002,71.0
zwe,2003,73.0
zwe,2004,81.0
zwe,2005,79.0
zwe,2006,78.0
zwe,2007,81.0
zwe,2008,79.0
zwe,2009,92.0
zwe,2010,101.0
zwe,2011,99.0
zwe,2012,97.0
zwe,2013,94.0
zwe,2014,95.0
zwe,2015,96.0
zwe,2016,102.0
