country,year,sitc_eci
ago,1995,-1.889679
ago,1996,-2.117616
ago,1997,-1.705992
ago,1998,-1.673952
ago,1999,-1.77019
ago,2000,-1.82862
ago,2001,-2.076545
ago,2002,-1.944139
ago,2003,-1.694307
ago,2004,-0.73627
ago,2005,-1.58066
ago,2006,-1.803067
ago,2007,-1.923876
ago,2008,-1.55935
ago,2009,-1.211335
ago,2010,-1.600211
ago,2011,-1.358937
ago,2012,-1.071363
ago,2013,-0.867269
ago,2014,-1.38448
ago,2015,-1.126235
ago,2016,-1.284691
alb,1995,-0.624572
alb,1996,-0.408615
alb,1997,-0.408321
alb,1998,-0.481118
alb,1999,-0.384515
alb,2000,-0.029604
alb,2001,-0.161737
alb,2002,-0.027889
alb,2003,-0.072403
alb,2004,-0.229123
alb,2005,-0.398659
alb,2006,-0.496894
alb,2007,-0.457254
alb,2008,-0.32499
alb,2009,-0.496453
alb,2010,-0.457045
alb,2011,-0.460062
alb,2012,-0.389477
alb,2013,-0.428932
alb,2014,-0.556368
alb,2015,-0.597595
alb,2016,-0.488327
are,1995,-0.275018
are,1996,-0.476422
are,1997,-0.491784
are,1998,-0.297043
are,1999,-0.3262
are,2000,-0.347107
are,2001,-0.365087
are,2002,-0.24076
are,2003,-0.208386
are,2004,-0.074953
are,2005,0.008232
are,2006,-0.091015
are,2007,-0.369051
are,2008,-0.095004
are,2009,-0.328906
are,2010,0.125663
are,2011,-0.228677
are,2012,-0.156731
are,2013,-0.011282
are,2014,-0.015959
are,2015,0.002679
are,2016,0.162353
arg,1995,0.031728
arg,1996,-0.036253
arg,1997,0.0296
arg,1998,0.061487
arg,1999,0.030065
arg,2000,0.113061
arg,2001,0.009237
arg,2002,-0.046736
arg,2003,-0.057571
arg,2004,-0.02402
arg,2005,0.116969
arg,2006,-0.021575
arg,2007,-0.041538
arg,2008,0.027942
arg,2009,0.024572
arg,2010,-0.068447
arg,2011,-0.054347
arg,2012,-0.145519
arg,2013,-0.128726
arg,2014,-0.157001
arg,2015,-0.279076
arg,2016,-0.502014
aus,1995,-0.054349
aus,1996,-0.026016
aus,1997,-0.131965
aus,1998,-0.069759
aus,1999,-0.130059
aus,2000,-0.104556
aus,2001,-0.188647
aus,2002,-0.105589
aus,2003,-0.09464
aus,2004,-0.239542
aus,2005,-0.110178
aus,2006,-0.261772
aus,2007,-0.253012
aus,2008,-0.412358
aus,2009,-0.401073
aus,2010,-0.495229
aus,2011,-0.386576
aus,2012,-0.517727
aus,2013,-0.601218
aus,2014,-0.508119
aus,2015,-0.573749
aus,2016,-0.591569
aut,1995,2.080741
aut,1996,2.042696
aut,1997,1.969722
aut,1998,1.943174
aut,1999,1.932344
aut,2000,1.870449
aut,2001,1.915228
aut,2002,1.866347
aut,2003,1.947894
aut,2004,1.970055
aut,2005,1.88064
aut,2006,1.827553
aut,2007,1.916561
aut,2008,1.870128
aut,2009,1.903705
aut,2010,1.834687
aut,2011,1.795556
aut,2012,1.758794
aut,2013,1.773206
aut,2014,1.783629
aut,2015,1.821557
aut,2016,1.743733
aze,1995,0.035355
aze,1996,-0.104586
aze,1997,0.187751
aze,1998,0.361015
aze,1999,-0.434625
aze,2000,-0.511275
aze,2001,-0.69692
aze,2002,-0.584935
aze,2003,-0.75482
aze,2004,-0.834719
aze,2005,-1.14756
aze,2006,-0.886325
aze,2007,-1.351766
aze,2008,-1.091811
aze,2009,-1.346096
aze,2010,-1.460274
aze,2011,-1.428971
aze,2012,-1.327104
aze,2013,-1.272963
aze,2014,-1.466376
aze,2015,-0.831715
aze,2016,-1.390162
bel,1995,1.509991
bel,1996,1.554328
bel,1997,1.390396
bel,1998,1.413321
bel,1999,1.384813
bel,2000,1.253566
bel,2001,1.339082
bel,2002,1.380269
bel,2003,1.2658
bel,2004,1.229559
bel,2005,1.158821
bel,2006,1.206814
bel,2007,1.162665
bel,2008,1.195074
bel,2009,1.165597
bel,2010,1.169501
bel,2011,1.147244
bel,2012,1.071862
bel,2013,1.129561
bel,2014,1.180223
bel,2015,1.137307
bel,2016,1.125217
bgd,1995,-0.979381
bgd,1996,-0.943141
bgd,1997,-0.80644
bgd,1998,-0.952651
bgd,1999,-1.066034
bgd,2000,-0.748798
bgd,2001,-0.854639
bgd,2002,-1.024234
bgd,2003,-1.250614
bgd,2004,-1.301267
bgd,2005,-1.088172
bgd,2006,-1.111088
bgd,2007,-0.940696
bgd,2008,-0.943869
bgd,2009,-1.018622
bgd,2010,-0.904064
bgd,2011,-1.074061
bgd,2012,-0.927269
bgd,2013,-0.972922
bgd,2014,-0.974202
bgd,2015,-0.965011
bgd,2016,-0.930255
bgr,1995,0.365657
bgr,1996,0.503423
bgr,1997,0.585645
bgr,1998,0.483858
bgr,1999,0.381318
bgr,2000,0.44613
bgr,2001,0.432329
bgr,2002,0.417647
bgr,2003,0.428971
bgr,2004,0.281153
bgr,2005,0.321863
bgr,2006,0.490464
bgr,2007,0.457447
bgr,2008,0.431681
bgr,2009,0.503833
bgr,2010,0.508182
bgr,2011,0.537345
bgr,2012,0.513332
bgr,2013,0.57988
bgr,2014,0.521103
bgr,2015,0.476661
bgr,2016,0.486341
bih,1995,0.33231
bih,1996,0.633296
bih,1997,0.541478
bih,1998,0.397925
bih,1999,0.482162
bih,2000,0.318501
bih,2001,0.304052
bih,2002,0.313159
bih,2003,0.285955
bih,2004,0.477184
bih,2005,0.456383
bih,2006,0.564662
bih,2007,0.598464
bih,2008,0.639974
bih,2009,0.617041
bih,2010,0.505888
bih,2011,0.629766
bih,2012,0.502739
bih,2013,0.566926
bih,2014,0.59664
bih,2015,0.433645
bih,2016,0.653083
blr,1995,0.468757
blr,1996,0.712787
blr,1997,0.666024
blr,1998,0.953399
blr,1999,0.798396
blr,2000,0.785429
blr,2001,0.85582
blr,2002,0.967142
blr,2003,1.023698
blr,2004,0.998301
blr,2005,1.107585
blr,2006,1.079328
blr,2007,1.080295
blr,2008,1.014243
blr,2009,1.010437
blr,2010,0.969282
blr,2011,0.988208
blr,2012,1.061964
blr,2013,1.10534
blr,2014,0.82779
blr,2015,0.784788
blr,2016,0.814301
bol,1995,-0.561464
bol,1996,-0.751272
bol,1997,-0.871316
bol,1998,-0.512648
bol,1999,-0.467106
bol,2000,-0.415628
bol,2001,-0.551084
bol,2002,-0.937416
bol,2003,-0.625202
bol,2004,-0.826256
bol,2005,-0.773602
bol,2006,-0.876847
bol,2007,-0.854746
bol,2008,-0.824553
bol,2009,-1.063099
bol,2010,-0.869767
bol,2011,-0.87319
bol,2012,-0.863881
bol,2013,-1.123929
bol,2014,-1.206875
bol,2015,-1.136424
bol,2016,-1.065806
bra,1995,0.588805
bra,1996,0.642409
bra,1997,0.660289
bra,1998,0.546271
bra,1999,0.488174
bra,2000,0.697288
bra,2001,0.481044
bra,2002,0.396464
bra,2003,0.428926
bra,2004,0.302862
bra,2005,0.517534
bra,2006,0.434574
bra,2007,0.400792
bra,2008,0.18316
bra,2009,0.069844
bra,2010,0.234236
bra,2011,0.174671
bra,2012,0.229644
bra,2013,0.094027
bra,2014,0.081741
bra,2015,0.100103
bra,2016,0.137496
bwa,2000,-0.403012
bwa,2001,-0.276962
bwa,2002,-0.030898
bwa,2003,-0.082652
bwa,2004,-0.572298
bwa,2005,-0.505618
bwa,2006,-0.994113
bwa,2007,-0.997638
bwa,2008,-0.383417
bwa,2009,0.214757
bwa,2010,-0.140827
bwa,2011,-0.163803
bwa,2012,-0.310244
bwa,2013,-0.564066
bwa,2014,-0.7731
bwa,2015,-0.410087
bwa,2016,-0.802125
can,1995,0.987731
can,1996,0.897868
can,1997,0.895522
can,1998,0.886355
can,1999,0.873996
can,2000,0.941442
can,2001,0.947816
can,2002,0.999257
can,2003,0.920891
can,2004,0.783224
can,2005,0.901643
can,2006,0.830099
can,2007,0.766179
can,2008,0.64354
can,2009,0.754464
can,2010,0.576753
can,2011,0.596305
can,2012,0.649532
can,2013,0.636339
can,2014,0.576248
can,2015,0.615859
can,2016,0.695942
che,1995,2.267652
che,1996,2.332453
che,1997,2.282442
che,1998,2.291391
che,1999,2.255702
che,2000,2.152094
che,2001,2.161096
che,2002,2.206182
che,2003,2.184292
che,2004,2.154226
che,2005,2.087603
che,2006,2.066277
che,2007,2.108003
che,2008,2.040196
che,2009,2.078469
che,2010,2.151532
che,2011,2.113969
che,2012,2.103873
che,2013,2.077079
che,2014,2.14471
che,2015,2.262403
che,2016,2.172446
chl,1995,-0.298971
chl,1996,0.011901
chl,1997,-0.15612
chl,1998,-0.112898
chl,1999,-0.087112
chl,2000,-0.052545
chl,2001,-0.174897
chl,2002,-0.052657
chl,2003,-0.096853
chl,2004,-0.215124
chl,2005,-0.182423
chl,2006,-0.23289
chl,2007,-0.210886
chl,2008,-0.258102
chl,2009,-0.391285
chl,2010,-0.332926
chl,2011,-0.208853
chl,2012,-0.234712
chl,2013,-0.190693
chl,2014,-0.317413
chl,2015,-0.248655
chl,2016,-0.160756
chn,1995,0.142829
chn,1996,0.352493
chn,1997,0.390028
chn,1998,0.284812
chn,1999,0.327166
chn,2000,0.47505
chn,2001,0.549659
chn,2002,0.476926
chn,2003,0.487396
chn,2004,0.541333
chn,2005,0.62866
chn,2006,0.698802
chn,2007,0.739856
chn,2008,0.846441
chn,2009,0.83666
chn,2010,0.925657
chn,2011,1.012715
chn,2012,1.098318
chn,2013,1.114175
chn,2014,1.124543
chn,2015,1.076967
chn,2016,1.157479
civ,1995,-0.793057
civ,1996,-0.993566
civ,1997,-0.70805
civ,1998,-0.918095
civ,1999,-0.412417
civ,2000,-0.875914
civ,2001,-0.788668
civ,2002,-0.962099
civ,2003,-0.766671
civ,2004,-0.928281
civ,2005,-0.930101
civ,2006,-0.941326
civ,2007,-1.089762
civ,2008,-1.15801
civ,2009,-1.142795
civ,2010,-1.249325
civ,2011,-1.145896
civ,2012,-1.140817
civ,2013,-0.971838
civ,2014,-0.944887
civ,2015,-0.954269
civ,2016,-1.641756
cmr,1995,-1.040456
cmr,1996,-1.038961
cmr,1997,-0.878177
cmr,1998,-1.722175
cmr,1999,-1.656971
cmr,2000,-1.611202
cmr,2001,-1.396958
cmr,2002,-1.155575
cmr,2003,-1.301449
cmr,2004,-1.364031
cmr,2005,-1.458496
cmr,2006,-1.585313
cmr,2007,-0.811314
cmr,2008,-0.951168
cmr,2009,-0.986287
cmr,2010,-0.887557
cmr,2011,-0.593329
cmr,2012,-0.942187
cmr,2013,-0.915907
cmr,2014,-0.701221
cmr,2015,-0.975717
cmr,2016,-1.109703
cog,1995,-0.992717
cog,1996,-0.827377
cog,1997,-1.451416
cog,1998,-1.504844
cog,1999,-1.430845
cog,2000,-1.712541
cog,2001,-1.31711
cog,2002,-1.326544
cog,2003,-1.350695
cog,2004,-1.350248
cog,2005,-1.841173
cog,2006,-1.749837
cog,2007,-1.428101
cog,2008,-1.559616
cog,2009,-1.237746
cog,2010,-1.615998
cog,2011,-1.613383
cog,2012,-1.298007
cog,2013,-1.246096
cog,2014,-1.341812
cog,2015,-1.605304
cog,2016,-1.573169
col,1995,-0.141361
col,1996,-0.18497
col,1997,-0.071682
col,1998,0.039933
col,1999,-0.031561
col,2000,0.075166
col,2001,0.283231
col,2002,0.12222
col,2003,-0.00886
col,2004,0.025876
col,2005,-0.153755
col,2006,0.04197
col,2007,0.014704
col,2008,0.176937
col,2009,0.248571
col,2010,0.012855
col,2011,-0.066943
col,2012,-0.117221
col,2013,0.011509
col,2014,-0.066969
col,2015,-0.038168
col,2016,-0.02086
cri,1995,-0.351109
cri,1996,-0.202667
cri,1997,-0.167493
cri,1998,-0.278313
cri,1999,-0.286553
cri,2000,-0.105686
cri,2001,0.099994
cri,2002,-0.007757
cri,2003,-0.083647
cri,2004,0.014703
cri,2005,-0.015254
cri,2006,-0.020502
cri,2007,-0.031642
cri,2008,0.128147
cri,2009,-0.041556
cri,2010,0.120319
cri,2011,0.141108
cri,2012,0.176273
cri,2013,0.18013
cri,2014,0.208471
cri,2015,0.186015
cri,2016,0.250066
cub,1995,-0.419533
cub,1996,-0.779155
cub,1997,-0.723012
cub,1998,-0.57835
cub,1999,-0.273153
cub,2000,-0.802705
cub,2001,-0.741264
cub,2002,-0.724317
cub,2003,-0.569604
cub,2004,-0.016176
cub,2005,0.00204
cub,2006,-0.735342
cub,2007,-0.630815
cub,2008,-0.339757
cub,2009,-0.18559
cub,2010,-0.528895
cub,2011,-0.494635
cub,2012,0.060787
cub,2013,-0.327668
cub,2014,-0.51223
cub,2015,-0.742171
cub,2016,-0.647968
cze,1995,1.408746
cze,1996,1.422745
cze,1997,1.442456
cze,1998,1.524242
cze,1999,1.514451
cze,2000,1.522981
cze,2001,1.608157
cze,2002,1.591489
cze,2003,1.659348
cze,2004,1.591949
cze,2005,1.61578
cze,2006,1.663496
cze,2007,1.665342
cze,2008,1.691318
cze,2009,1.715005
cze,2010,1.765717
cze,2011,1.754466
cze,2012,1.693034
cze,2013,1.715298
cze,2014,1.733711
cze,2015,1.750033
cze,2016,1.707046
deu,1995,2.474036
deu,1996,2.381844
deu,1997,2.350078
deu,1998,2.40904
deu,1999,2.379697
deu,2000,2.285888
deu,2001,2.29476
deu,2002,2.336474
deu,2003,2.334133
deu,2004,2.318177
deu,2005,2.217099
deu,2006,2.172295
deu,2007,2.156432
deu,2008,2.083964
deu,2009,2.048972
deu,2010,2.024674
deu,2011,1.987993
deu,2012,1.916346
deu,2013,1.977232
deu,2014,2.066775
deu,2015,2.104266
deu,2016,2.013742
dnk,1995,1.567401
dnk,1996,1.543092
dnk,1997,1.490765
dnk,1998,1.463018
dnk,1999,1.482433
dnk,2000,1.395726
dnk,2001,1.412785
dnk,2002,1.425024
dnk,2003,1.43659
dnk,2004,1.353755
dnk,2005,1.261287
dnk,2006,1.282212
dnk,2007,1.289168
dnk,2008,1.30324
dnk,2009,1.331516
dnk,2010,1.238495
dnk,2011,1.267693
dnk,2012,1.205217
dnk,2013,1.211565
dnk,2014,1.156014
dnk,2015,1.123887
dnk,2016,1.073142
dom,1995,-0.626433
dom,1996,-0.465156
dom,1997,-0.58707
dom,1998,-0.72278
dom,1999,-0.564669
dom,2000,-0.525218
dom,2001,-0.455018
dom,2002,-0.46837
dom,2003,-0.441676
dom,2004,-0.339664
dom,2005,-0.244268
dom,2006,-0.275072
dom,2007,-0.045967
dom,2008,-0.232457
dom,2009,-0.28903
dom,2010,-0.187236
dom,2011,-0.2785
dom,2012,-0.284486
dom,2013,-0.287263
dom,2014,-0.205334
dom,2015,-0.232991
dom,2016,-0.236214
dza,1995,-0.87031
dza,1996,-0.706521
dza,1997,-1.026953
dza,1998,-0.886739
dza,1999,-1.130012
dza,2000,-0.851345
dza,2001,-1.089634
dza,2002,-0.962558
dza,2003,-0.991192
dza,2004,-0.792795
dza,2005,-0.673559
dza,2006,-0.963362
dza,2007,-1.437545
dza,2008,-1.290825
dza,2009,-1.301751
dza,2010,-1.081576
dza,2011,-1.408684
dza,2012,-1.496142
dza,2013,-1.250045
dza,2014,-1.292179
dza,2015,-1.277185
dza,2016,-0.861249
ecu,1995,-1.250943
ecu,1996,-1.202754
ecu,1997,-1.02527
ecu,1998,-1.028184
ecu,1999,-0.934203
ecu,2000,-0.960593
ecu,2001,-0.907202
ecu,2002,-0.953947
ecu,2003,-0.874305
ecu,2004,-0.936726
ecu,2005,-1.032369
ecu,2006,-1.008229
ecu,2007,-1.012517
ecu,2008,-0.830535
ecu,2009,-0.961262
ecu,2010,-0.804306
ecu,2011,-0.669771
ecu,2012,-0.914743
ecu,2013,-1.025181
ecu,2014,-1.171447
ecu,2015,-1.056302
ecu,2016,-1.124075
egy,1995,-0.502282
egy,1996,-0.563753
egy,1997,-0.312659
egy,1998,-0.414303
egy,1999,-0.394144
egy,2000,-0.228315
egy,2001,-0.327947
egy,2002,-0.427623
egy,2003,-0.323935
egy,2004,-0.268862
egy,2005,-0.251254
egy,2006,-0.290047
egy,2007,-0.356231
egy,2008,-0.2602
egy,2009,-0.288465
egy,2010,-0.302017
egy,2011,-0.242591
egy,2012,-0.291034
egy,2013,-0.155403
egy,2014,-0.137122
egy,2015,-0.209653
egy,2016,-0.173677
esp,1995,1.170297
esp,1996,1.208898
esp,1997,1.087729
esp,1998,1.048925
esp,1999,1.073625
esp,2000,1.107852
esp,2001,1.053755
esp,2002,1.059156
esp,2003,1.008568
esp,2004,1.022252
esp,2005,1.02061
esp,2006,0.945878
esp,2007,0.987023
esp,2008,0.981198
esp,2009,0.979165
esp,2010,0.977108
esp,2011,0.916588
esp,2012,0.890199
esp,2013,0.863476
esp,2014,0.816687
esp,2015,0.811926
esp,2016,0.778235
est,1995,0.497313
est,1996,0.53268
est,1997,0.382584
est,1998,0.498309
est,1999,0.438879
est,2000,0.504102
est,2001,0.588574
est,2002,0.592102
est,2003,0.660624
est,2004,0.680602
est,2005,0.758368
est,2006,0.792215
est,2007,0.812018
est,2008,0.767478
est,2009,0.764937
est,2010,0.719294
est,2011,0.84681
est,2012,0.763265
est,2013,0.790449
est,2014,0.943182
est,2015,0.922646
est,2016,1.0134
eth,1995,-1.279739
eth,1996,-1.153131
eth,1997,-1.221139
eth,1998,-1.306976
eth,1999,-1.099386
eth,2000,-1.092876
eth,2001,-1.047021
eth,2002,-1.340856
eth,2003,-1.1511
eth,2004,-1.234261
eth,2005,-1.081972
eth,2006,-1.129245
eth,2007,-1.020477
eth,2008,-0.921778
eth,2009,-0.900053
eth,2010,-0.855553
eth,2011,-1.155981
eth,2012,-1.008648
eth,2013,-1.154924
eth,2014,-1.250843
eth,2015,-1.083602
eth,2016,-1.102412
fin,1995,2.113792
fin,1996,1.994925
fin,1997,1.982731
fin,1998,2.036733
fin,1999,1.947109
fin,2000,1.954963
fin,2001,1.974287
fin,2002,1.99036
fin,2003,1.948437
fin,2004,1.91766
fin,2005,1.935724
fin,2006,1.955453
fin,2007,1.920894
fin,2008,1.812717
fin,2009,1.846297
fin,2010,1.678564
fin,2011,1.796749
fin,2012,1.672765
fin,2013,1.685398
fin,2014,1.633695
fin,2015,1.541672
fin,2016,1.565655
fra,1995,1.788853
fra,1996,1.633112
fra,1997,1.658952
fra,1998,1.676306
fra,1999,1.672479
fra,2000,1.53574
fra,2001,1.56956
fra,2002,1.577642
fra,2003,1.576678
fra,2004,1.555839
fra,2005,1.554242
fra,2006,1.521619
fra,2007,1.501542
fra,2008,1.509423
fra,2009,1.518002
fra,2010,1.429438
fra,2011,1.443508
fra,2012,1.369158
fra,2013,1.434975
fra,2014,1.362425
fra,2015,1.386286
fra,2016,1.358021
gab,1995,-1.175091
gab,1996,-1.406424
gab,1997,-1.175216
gab,1998,-1.101519
gab,1999,-0.905432
gab,2000,-1.221993
gab,2001,-1.316043
gab,2002,-1.184518
gab,2003,-1.088438
gab,2004,-1.032704
gab,2005,-1.297622
gab,2006,-0.933744
gab,2007,-0.861218
gab,2008,-0.900544
gab,2009,-0.7965
gab,2010,-1.023932
gab,2011,-1.010435
gab,2012,-1.394732
gab,2013,-1.370898
gab,2014,-1.473136
gab,2015,-1.496328
gab,2016,-1.702617
gbr,1995,1.822554
gbr,1996,1.792507
gbr,1997,1.878445
gbr,1998,2.011518
gbr,1999,1.970395
gbr,2000,1.963837
gbr,2001,1.984235
gbr,2002,1.984918
gbr,2003,1.861964
gbr,2004,1.776874
gbr,2005,1.728083
gbr,2006,1.833785
gbr,2007,1.757789
gbr,2008,1.775194
gbr,2009,1.665044
gbr,2010,1.634223
gbr,2011,1.6004
gbr,2012,1.570114
gbr,2013,1.542654
gbr,2014,1.592772
gbr,2015,1.578508
gbr,2016,1.491574
geo,1995,0.821243
geo,1996,0.268032
geo,1997,0.26123
geo,1998,0.254009
geo,1999,0.207006
geo,2000,0.439346
geo,2001,-0.001896
geo,2002,0.198654
geo,2003,0.076169
geo,2004,-0.068615
geo,2005,-0.127373
geo,2006,-0.178043
geo,2007,-0.288492
geo,2008,-0.377456
geo,2009,-0.186052
geo,2010,-0.411344
geo,2011,0.020874
geo,2012,-0.212278
geo,2013,-0.073963
geo,2014,-0.234119
geo,2015,-0.205513
geo,2016,-0.249925
gha,1995,-1.240542
gha,1996,-1.06178
gha,1997,-0.991136
gha,1998,-1.102198
gha,1999,-1.080226
gha,2000,-1.002063
gha,2001,-0.825304
gha,2002,-1.099904
gha,2003,-0.948106
gha,2004,-0.920821
gha,2005,-0.853062
gha,2006,-1.053876
gha,2007,-0.716294
gha,2008,-0.937652
gha,2009,-0.930655
gha,2010,-0.755472
gha,2011,-0.595592
gha,2012,-1.141285
gha,2013,-0.848766
gha,2014,-1.126591
gha,2015,-1.470774
gha,2016,-1.036384
gin,1995,-0.962434
gin,1996,-1.081455
gin,1997,-1.239547
gin,1998,-1.84105
gin,1999,-1.926879
gin,2000,-1.544022
gin,2001,-1.189497
gin,2002,-1.495918
gin,2003,-1.536602
gin,2004,-1.059376
gin,2005,-1.455223
gin,2006,-1.534694
gin,2007,-1.497882
gin,2008,-1.388111
gin,2009,-1.70545
gin,2010,-1.742395
gin,2011,-1.687017
gin,2012,-1.852362
gin,2013,-2.041693
gin,2014,-1.58136
gin,2015,-1.241742
gin,2016,-1.66396
grc,1995,0.027069
grc,1996,0.190589
grc,1997,0.117402
grc,1998,0.101896
grc,1999,0.13695
grc,2000,0.237091
grc,2001,0.26324
grc,2002,0.189532
grc,2003,0.243625
grc,2004,0.224905
grc,2005,0.174618
grc,2006,0.108201
grc,2007,0.197916
grc,2008,0.227285
grc,2009,0.110186
grc,2010,0.082292
grc,2011,0.160644
grc,2012,0.104665
grc,2013,0.058405
grc,2014,0.009359
grc,2015,-0.013541
grc,2016,0.052777
gtm,1995,-0.331296
gtm,1996,-0.322569
gtm,1997,-0.281536
gtm,1998,-0.415726
gtm,1999,-0.366328
gtm,2000,-0.400624
gtm,2001,-0.422722
gtm,2002,-0.552
gtm,2003,-0.416372
gtm,2004,-0.394253
gtm,2005,-0.423
gtm,2006,-0.262492
gtm,2007,-0.243811
gtm,2008,-0.292454
gtm,2009,-0.439475
gtm,2010,-0.33567
gtm,2011,-0.27596
gtm,2012,-0.210922
gtm,2013,-0.286653
gtm,2014,-0.333317
gtm,2015,-0.288373
gtm,2016,-0.314567
hkg,1995,0.605054
hkg,1996,0.7909
hkg,1997,0.822491
hkg,1998,0.701983
hkg,1999,0.833344
hkg,2000,0.81096
hkg,2001,0.88293
hkg,2002,0.811109
hkg,2003,0.63456
hkg,2004,0.845195
hkg,2005,0.748221
hkg,2006,0.624121
hkg,2007,0.959022
hkg,2008,0.802376
hkg,2009,0.697253
hkg,2010,0.930383
hkg,2011,1.12739
hkg,2012,1.317113
hkg,2013,1.041908
hkg,2014,1.260659
hkg,2015,0.931573
hkg,2016,0.973494
hnd,1995,-0.851522
hnd,1996,-0.519157
hnd,1997,-0.615124
hnd,1998,-0.813291
hnd,1999,-0.706109
hnd,2000,-0.616044
hnd,2001,-0.63441
hnd,2002,-0.606937
hnd,2003,-0.586953
hnd,2004,-0.659454
hnd,2005,-0.765135
hnd,2006,-0.639131
hnd,2007,-0.714393
hnd,2008,-0.794711
hnd,2009,-0.684315
hnd,2010,-0.613383
hnd,2011,-0.538287
hnd,2012,-0.476774
hnd,2013,-0.709304
hnd,2014,-0.404631
hnd,2015,-0.455103
hnd,2016,-0.472084
hrv,1995,0.70268
hrv,1996,0.700105
hrv,1997,0.616644
hrv,1998,0.596987
hrv,1999,0.605019
hrv,2000,0.634945
hrv,2001,0.715273
hrv,2002,0.637499
hrv,2003,0.630134
hrv,2004,0.752943
hrv,2005,0.790484
hrv,2006,0.852556
hrv,2007,0.894452
hrv,2008,0.924737
hrv,2009,0.992434
hrv,2010,0.835875
hrv,2011,0.919528
hrv,2012,0.849317
hrv,2013,0.854985
hrv,2014,0.80329
hrv,2015,0.73054
hrv,2016,0.783509
hun,1995,0.951775
hun,1996,0.915082
hun,1997,0.903208
hun,1998,0.772947
hun,1999,0.799741
hun,2000,1.052007
hun,2001,1.088104
hun,2002,1.193385
hun,2003,1.355078
hun,2004,1.3288
hun,2005,1.3662
hun,2006,1.496176
hun,2007,1.489574
hun,2008,1.500301
hun,2009,1.600232
hun,2010,1.545725
hun,2011,1.582635
hun,2012,1.567056
hun,2013,1.586447
hun,2014,1.581392
hun,2015,1.596639
hun,2016,1.531023
idn,1995,-0.548976
idn,1996,-0.361336
idn,1997,-0.214613
idn,1998,-0.365227
idn,1999,-0.167357
idn,2000,0.044527
idn,2001,0.032747
idn,2002,-0.000877
idn,2003,-0.024147
idn,2004,-0.128394
idn,2005,-0.095813
idn,2006,-0.112296
idn,2007,-0.082324
idn,2008,-0.132519
idn,2009,-0.292897
idn,2010,-0.202144
idn,2011,-0.167119
idn,2012,-0.091182
idn,2013,-0.06029
idn,2014,0.044973
idn,2015,-0.016322
idn,2016,-0.000883
ind,1995,-0.174157
ind,1996,0.007011
ind,1997,0.086618
ind,1998,0.101461
ind,1999,0.134939
ind,2000,0.243874
ind,2001,0.162619
ind,2002,0.153056
ind,2003,0.135943
ind,2004,0.041982
ind,2005,0.120794
ind,2006,0.142426
ind,2007,0.100214
ind,2008,0.149001
ind,2009,0.191479
ind,2010,0.072575
ind,2011,0.154849
ind,2012,0.183657
ind,2013,0.119282
ind,2014,0.192125
ind,2015,0.233463
ind,2016,0.190582
irl,1995,1.293953
irl,1996,1.574853
irl,1997,1.546741
irl,1998,1.567446
irl,1999,1.61356
irl,2000,1.537605
irl,2001,1.693296
irl,2002,1.626333
irl,2003,1.494638
irl,2004,1.470867
irl,2005,1.483586
irl,2006,1.402489
irl,2007,1.34828
irl,2008,1.693853
irl,2009,1.516452
irl,2010,1.389264
irl,2011,1.412954
irl,2012,1.278361
irl,2013,1.388394
irl,2014,1.558484
irl,2015,1.490171
irl,2016,1.444196
irn,1995,-0.75052
irn,1996,-0.914756
irn,1997,-1.077699
irn,1998,-0.741916
irn,1999,-0.874183
irn,2000,-0.950811
irn,2001,-1.097679
irn,2002,-1.093982
irn,2003,-1.053671
irn,2004,-0.958786
irn,2005,-0.761221
irn,2006,-0.781878
irn,2007,-0.92936
irn,2008,-1.264198
irn,2009,-1.308099
irn,2010,-1.091462
irn,2011,-1.181658
irn,2012,-1.190141
irn,2013,-0.803541
irn,2014,-0.870987
irn,2015,-0.68921
irn,2016,-0.610857
isr,1995,1.214916
isr,1996,1.272937
isr,1997,1.291574
isr,1998,1.256004
isr,1999,1.361217
isr,2000,0.993174
isr,2001,1.055577
isr,2002,0.978429
isr,2003,1.040881
isr,2004,0.961753
isr,2005,0.958803
isr,2006,0.951154
isr,2007,1.036159
isr,2008,1.083263
isr,2009,1.0665
isr,2010,1.144924
isr,2011,1.1762
isr,2012,1.197286
isr,2013,1.020765
isr,2014,1.028217
isr,2015,1.030214
isr,2016,0.886569
ita,1995,1.53981
ita,1996,1.591338
ita,1997,1.551103
ita,1998,1.541333
ita,1999,1.5522
ita,2000,1.503521
ita,2001,1.48779
ita,2002,1.386887
ita,2003,1.455912
ita,2004,1.401445
ita,2005,1.404553
ita,2006,1.408364
ita,2007,1.383379
ita,2008,1.360945
ita,2009,1.359331
ita,2010,1.352182
ita,2011,1.311815
ita,2012,1.317108
ita,2013,1.365453
ita,2014,1.374182
ita,2015,1.360747
ita,2016,1.366225
jam,1995,-0.650275
jam,1996,-0.524944
jam,1997,-0.712118
jam,1998,-0.785687
jam,1999,-0.84775
jam,2000,-0.699544
jam,2001,-0.66853
jam,2002,-0.605639
jam,2003,-0.555866
jam,2004,-0.576594
jam,2005,-0.736128
jam,2006,-0.332779
jam,2007,-0.699381
jam,2008,-0.390853
jam,2009,-0.443854
jam,2010,-0.396034
jam,2011,0.093944
jam,2012,-0.310519
jam,2013,-0.357956
jam,2014,-0.363993
jam,2015,-0.264165
jam,2016,-0.281621
jor,1995,0.48903
jor,1996,0.100898
jor,1997,0.362871
jor,1998,0.014413
jor,1999,0.403785
jor,2000,0.468691
jor,2001,0.396107
jor,2002,0.172818
jor,2003,0.010486
jor,2004,0.092758
jor,2005,0.144337
jor,2006,0.177132
jor,2007,0.236532
jor,2008,0.254449
jor,2009,0.309877
jor,2010,0.344191
jor,2011,0.214926
jor,2012,0.131818
jor,2013,0.091813
jor,2014,0.179385
jor,2015,0.088113
jor,2016,0.120919
jpn,1995,2.814046
jpn,1996,2.739586
jpn,1997,2.698341
jpn,1998,2.740784
jpn,1999,2.757317
jpn,2000,2.720004
jpn,2001,2.678533
jpn,2002,2.65843
jpn,2003,2.600063
jpn,2004,2.626503
jpn,2005,2.551541
jpn,2006,2.45578
jpn,2007,2.369435
jpn,2008,2.439506
jpn,2009,2.357499
jpn,2010,2.414333
jpn,2011,2.319465
jpn,2012,2.370004
jpn,2013,2.272654
jpn,2014,2.325251
jpn,2015,2.40498
jpn,2016,2.261645
kaz,1995,0.388241
kaz,1996,0.468586
kaz,1997,0.135998
kaz,1998,0.023336
kaz,1999,-0.145673
kaz,2000,-0.253448
kaz,2001,-0.21484
kaz,2002,-0.175397
kaz,2003,-0.278005
kaz,2004,-0.464969
kaz,2005,-0.392238
kaz,2006,-0.358756
kaz,2007,-0.586521
kaz,2008,-0.74064
kaz,2009,-0.723722
kaz,2010,-0.851325
kaz,2011,-0.888886
kaz,2012,-0.390965
kaz,2013,-0.955492
kaz,2014,-0.533308
kaz,2015,-0.693128
kaz,2016,-0.518813
ken,1995,-0.339343
ken,1996,-0.697827
ken,1997,-0.449524
ken,1998,-0.605045
ken,1999,-0.631844
ken,2000,-0.668362
ken,2001,-0.639791
ken,2002,-0.665653
ken,2003,-0.80455
ken,2004,-0.725063
ken,2005,-0.71176
ken,2006,-0.470622
ken,2007,-0.619905
ken,2008,-0.467627
ken,2009,-0.363671
ken,2010,-0.394807
ken,2011,-0.420093
ken,2012,-0.457479
ken,2013,-0.480393
ken,2014,-0.481881
ken,2015,-0.652202
ken,2016,-0.621633
kgz,1995,0.368085
kgz,1996,0.121434
kgz,1997,-0.074891
kgz,1998,0.065152
kgz,1999,-0.086521
kgz,2000,-0.039568
kgz,2001,-0.376261
kgz,2002,-0.328606
kgz,2003,-0.478322
kgz,2004,-0.545586
kgz,2005,-0.52751
kgz,2006,-0.27633
kgz,2007,-0.1797
kgz,2008,-0.279597
kgz,2009,-0.232918
kgz,2010,-0.54498
kgz,2011,-0.510069
kgz,2012,-0.078498
kgz,2013,0.115386
kgz,2014,-0.556124
kgz,2015,-0.095315
kgz,2016,0.111167
khm,1995,-1.215375
khm,1996,-1.149733
khm,1997,-1.151502
khm,1998,-1.509114
khm,1999,-1.233485
khm,2000,-0.768905
khm,2001,-0.905426
khm,2002,-0.97121
khm,2003,-0.998964
khm,2004,-1.258558
khm,2005,-1.242108
khm,2006,-1.035539
khm,2007,-0.957624
khm,2008,-0.871209
khm,2009,-1.025708
khm,2010,-0.74427
khm,2011,-0.910652
khm,2012,-0.698875
khm,2013,-0.713638
khm,2014,-0.593509
khm,2015,-0.571143
khm,2016,-0.69713
kor,1995,0.968542
kor,1996,1.024682
kor,1997,1.123565
kor,1998,1.019618
kor,1999,1.123729
kor,2000,1.272078
kor,2001,1.41278
kor,2002,1.280951
kor,2003,1.366919
kor,2004,1.381037
kor,2005,1.587269
kor,2006,1.627529
kor,2007,1.583321
kor,2008,1.695797
kor,2009,1.596218
kor,2010,1.767765
kor,2011,1.725147
kor,2012,1.84082
kor,2013,1.792628
kor,2014,1.848434
kor,2015,2.058245
kor,2016,2.026906
kwt,1995,-0.584911
kwt,1996,-0.665982
kwt,1997,-1.31332
kwt,1998,-0.214398
kwt,1999,-0.643501
kwt,2000,-1.154473
kwt,2001,-0.760155
kwt,2002,-0.625997
kwt,2003,-0.623457
kwt,2004,0.010584
kwt,2005,-0.485971
kwt,2006,-0.295022
kwt,2007,-0.762117
kwt,2008,-1.044182
kwt,2009,-1.510913
kwt,2010,-0.447271
kwt,2011,-0.921277
kwt,2012,-0.80488
kwt,2013,-0.446889
kwt,2014,-1.007687
kwt,2015,-0.597435
kwt,2016,-0.314218
lao,1995,-1.320041
lao,1996,-0.821255
lao,1997,-0.795768
lao,1998,-0.663361
lao,1999,-0.959327
lao,2000,-0.921874
lao,2001,-0.848883
lao,2002,-1.092668
lao,2003,-1.12419
lao,2004,-1.009688
lao,2005,-0.993926
lao,2006,-0.968029
lao,2007,-0.821742
lao,2008,-0.93717
lao,2009,-1.027405
lao,2010,-1.00333
lao,2011,-1.085388
lao,2012,-1.081182
lao,2013,-0.945947
lao,2014,-0.938121
lao,2015,-0.894781
lao,2016,-1.016304
lbn,1995,0.109721
lbn,1996,0.123992
lbn,1997,0.258722
lbn,1998,0.193901
lbn,1999,0.184252
lbn,2000,0.211824
lbn,2001,0.118456
lbn,2002,0.254907
lbn,2003,0.115748
lbn,2004,0.257686
lbn,2005,0.317337
lbn,2006,0.290747
lbn,2007,0.353619
lbn,2008,0.331547
lbn,2009,0.43146
lbn,2010,0.392652
lbn,2011,0.292581
lbn,2012,0.189549
lbn,2013,0.356924
lbn,2014,0.358211
lbn,2015,0.250584
lbn,2016,0.319532
lbr,1995,-0.433462
lbr,1996,-0.950165
lbr,1997,-0.537201
lbr,1998,-0.64263
lbr,1999,-0.431437
lbr,2000,-0.617696
lbr,2001,-0.494559
lbr,2002,-0.311063
lbr,2003,0.355881
lbr,2004,0.049746
lbr,2005,-0.21356
lbr,2006,-0.846163
lbr,2007,-0.630032
lbr,2008,-0.774786
lbr,2009,-0.39681
lbr,2010,-0.483233
lbr,2011,-0.720447
lbr,2012,-0.540555
lbr,2013,-0.617745
lbr,2014,-0.918536
lbr,2015,-0.984116
lbr,2016,-0.79543
lby,1995,-0.545113
lby,1996,-0.896886
lby,1997,-0.771038
lby,1998,-0.769742
lby,1999,-0.950003
lby,2000,-1.380802
lby,2001,-1.219982
lby,2002,-0.338843
lby,2003,-0.733179
lby,2004,-1.085994
lby,2005,-0.620267
lby,2006,-0.736406
lby,2007,-1.323825
lby,2008,-1.538328
lby,2009,-1.759577
lby,2010,-1.350966
lby,2011,-1.626272
lby,2012,-2.434841
lby,2013,-1.823601
lby,2014,-1.530413
lby,2015,-1.381612
lby,2016,-1.037139
lka,1995,-0.878114
lka,1996,-0.900583
lka,1997,-0.685675
lka,1998,-0.761316
lka,1999,-0.55494
lka,2000,-0.498994
lka,2001,-0.508581
lka,2002,-0.49711
lka,2003,-0.613512
lka,2004,-0.606166
lka,2005,-0.516339
lka,2006,-0.493013
lka,2007,-0.490219
lka,2008,-0.330457
lka,2009,-0.575921
lka,2010,-0.467428
lka,2011,-0.409588
lka,2012,-0.379414
lka,2013,-0.404338
lka,2014,-0.329702
lka,2015,-0.53859
lka,2016,-0.400991
ltu,1995,0.341642
ltu,1996,0.342376
ltu,1997,0.368077
ltu,1998,0.248546
ltu,1999,0.213095
ltu,2000,0.367739
ltu,2001,0.361195
ltu,2002,0.285355
ltu,2003,0.29138
ltu,2004,0.412864
ltu,2005,0.519745
ltu,2006,0.600299
ltu,2007,0.667397
ltu,2008,0.676507
ltu,2009,0.610541
ltu,2010,0.72268
ltu,2011,0.917601
ltu,2012,0.836921
ltu,2013,0.845224
ltu,2014,0.723764
ltu,2015,0.735275
ltu,2016,0.715056
lva,1995,0.268459
lva,1996,0.225857
lva,1997,0.376193
lva,1998,0.225357
lva,1999,0.223434
lva,2000,0.5491
lva,2001,0.482152
lva,2002,0.555899
lva,2003,0.574118
lva,2004,0.453403
lva,2005,0.553382
lva,2006,0.60499
lva,2007,0.700289
lva,2008,0.653285
lva,2009,0.717845
lva,2010,0.614707
lva,2011,0.750042
lva,2012,0.747135
lva,2013,0.661331
lva,2014,0.644923
lva,2015,0.535572
lva,2016,0.554766
mar,1995,-0.772545
mar,1996,-0.656324
mar,1997,-0.637841
mar,1998,-0.704407
mar,1999,-0.687397
mar,2000,-0.6158
mar,2001,-0.730188
mar,2002,-0.704848
mar,2003,-0.607535
mar,2004,-0.622549
mar,2005,-0.482749
mar,2006,-0.50721
mar,2007,-0.471597
mar,2008,-0.552049
mar,2009,-0.447422
mar,2010,-0.437586
mar,2011,-0.444081
mar,2012,-0.468899
mar,2013,-0.479919
mar,2014,-0.577594
mar,2015,-0.632133
mar,2016,-0.498922
mda,1995,0.329839
mda,1996,0.198657
mda,1997,0.183843
mda,1998,-0.140271
mda,1999,-0.023934
mda,2000,0.062279
mda,2001,0.033317
mda,2002,-0.123696
mda,2003,-0.062336
mda,2004,-0.24086
mda,2005,-0.138694
mda,2006,-0.017743
mda,2007,0.095538
mda,2008,-0.077341
mda,2009,0.069595
mda,2010,0.061361
mda,2011,0.097797
mda,2012,0.101724
mda,2013,0.145726
mda,2014,-0.124836
mda,2015,-0.10847
mda,2016,-0.156888
mdg,1995,-1.100557
mdg,1996,-1.155821
mdg,1997,-1.246524
mdg,1998,-1.340236
mdg,1999,-1.038947
mdg,2000,-0.959537
mdg,2001,-1.128967
mdg,2002,-1.092546
mdg,2003,-1.135995
mdg,2004,-1.149125
mdg,2005,-0.910589
mdg,2006,-0.988794
mdg,2007,-0.845727
mdg,2008,-0.986457
mdg,2009,-0.816406
mdg,2010,-0.493542
mdg,2011,-0.756896
mdg,2012,-0.955587
mdg,2013,-0.872447
mdg,2014,-0.874723
mdg,2015,-0.859338
mdg,2016,-1.045642
mex,1995,0.675612
mex,1996,0.817048
mex,1997,0.815733
mex,1998,0.722132
mex,1999,0.94452
mex,2000,0.961955
mex,2001,1.027467
mex,2002,1.05359
mex,2003,1.106436
mex,2004,1.073802
mex,2005,1.115777
mex,2006,1.133633
mex,2007,1.220309
mex,2008,1.148956
mex,2009,1.101603
mex,2010,1.115671
mex,2011,1.063886
mex,2012,1.037434
mex,2013,1.11087
mex,2014,1.102714
mex,2015,1.186462
mex,2016,1.105834
mkd,1995,0.289004
mkd,1996,0.297164
mkd,1997,0.220377
mkd,1998,-0.055689
mkd,1999,0.078282
mkd,2000,0.213787
mkd,2001,-0.000841
mkd,2002,-0.12854
mkd,2003,-0.163591
mkd,2004,-0.14221
mkd,2005,-0.225034
mkd,2006,-0.143788
mkd,2007,-0.213047
mkd,2008,-0.123906
mkd,2009,-0.144238
mkd,2010,-0.090507
mkd,2011,-0.188769
mkd,2012,-0.179689
mkd,2013,-0.14304
mkd,2014,-0.281237
mkd,2015,-0.257794
mkd,2016,-0.145625
mli,1995,-0.837514
mli,1996,-1.011899
mli,1997,-1.234136
mli,1998,-1.31063
mli,1999,-1.071951
mli,2000,-0.326197
mli,2001,-0.726753
mli,2002,-0.987961
mli,2003,-1.355128
mli,2004,-0.722782
mli,2005,-0.873336
mli,2006,-0.684595
mli,2007,-0.649054
mli,2008,-0.566542
mli,2009,-0.836567
mli,2010,-0.800032
mli,2011,-0.942982
mli,2012,-1.118225
mli,2013,-1.244198
mli,2014,-1.441676
mli,2015,-1.075762
mli,2016,-0.436031
mng,1995,-0.846913
mng,1996,-0.749457
mng,1997,-0.525988
mng,1998,-0.603829
mng,1999,-0.509407
mng,2000,-0.559158
mng,2001,-0.695084
mng,2002,-0.718403
mng,2003,-0.86137
mng,2004,-1.126752
mng,2005,-0.823357
mng,2006,-0.953161
mng,2007,-1.032889
mng,2008,-1.182543
mng,2009,-0.775189
mng,2010,-1.264614
mng,2011,-1.020794
mng,2012,-1.469474
mng,2013,-1.253692
mng,2014,-1.308402
mng,2015,-1.161383
mng,2016,-1.122735
moz,1995,-0.541488
moz,1996,-0.441077
moz,1997,-0.357516
moz,1998,-0.597287
moz,1999,-0.242776
moz,2000,-0.562257
moz,2001,-1.098325
moz,2002,-1.545
moz,2003,-1.184984
moz,2004,-1.487527
moz,2005,-1.475403
moz,2006,-1.055655
moz,2007,-1.321659
moz,2008,-1.087207
moz,2009,-1.083545
moz,2010,-1.738139
moz,2011,-1.320075
moz,2012,-1.239934
moz,2013,-1.200968
moz,2014,-1.067077
moz,2015,-1.042746
moz,2016,-1.271378
mrt,1995,-1.254048
mrt,1996,-0.882724
mrt,1997,-1.65351
mrt,1998,-1.259235
mrt,1999,-1.262983
mrt,2000,-1.393825
mrt,2001,-1.117148
mrt,2002,-1.058902
mrt,2003,-0.61485
mrt,2004,-1.897452
mrt,2005,-1.483975
mrt,2006,-1.804996
mrt,2007,-1.751721
mrt,2008,-1.872289
mrt,2009,-1.405667
mrt,2010,-1.944536
mrt,2011,-1.726328
mrt,2012,-1.564928
mrt,2013,-1.953708
mrt,2014,-1.722751
mrt,2015,-1.291457
mrt,2016,-1.53586
mus,1995,-0.635937
mus,1996,-0.624856
mus,1997,-0.406988
mus,1998,-0.432718
mus,1999,-0.314791
mus,2000,-0.323868
mus,2001,-0.270321
mus,2002,-0.574414
mus,2003,-0.275957
mus,2004,-0.183827
mus,2005,-0.299387
mus,2006,-0.328205
mus,2007,-0.218274
mus,2008,-0.352941
mus,2009,-0.073863
mus,2010,-0.024269
mus,2011,-0.107504
mus,2012,-0.059237
mus,2013,-0.062963
mus,2014,0.005483
mus,2015,-0.243222
mus,2016,-0.303582
mwi,1995,-1.055885
mwi,1996,-1.26572
mwi,1997,-1.173495
mwi,1998,-1.400079
mwi,1999,-1.003597
mwi,2000,-1.010742
mwi,2001,-1.381526
mwi,2002,-1.646018
mwi,2003,-1.568542
mwi,2004,-1.331035
mwi,2005,-1.402244
mwi,2006,-1.023785
mwi,2007,-1.174127
mwi,2008,-1.042525
mwi,2009,-1.265766
mwi,2010,-1.011457
mwi,2011,-1.121736
mwi,2012,-1.075558
mwi,2013,-0.882262
mwi,2014,-0.40065
mwi,2015,-0.6816
mwi,2016,-1.355297
mys,1995,0.286393
mys,1996,0.36127
mys,1997,0.501647
mys,1998,0.409814
mys,1999,0.596598
mys,2000,0.422186
mys,2001,0.726161
mys,2002,0.829661
mys,2003,0.914418
mys,2004,1.057354
mys,2005,0.819224
mys,2006,0.819443
mys,2007,0.76504
mys,2008,0.710735
mys,2009,0.690642
mys,2010,0.860531
mys,2011,0.909361
mys,2012,0.858024
mys,2013,0.9284
mys,2014,1.042734
mys,2015,1.154321
mys,2016,1.082771
nam,2000,-0.32457
nam,2001,-0.382589
nam,2002,-0.07411
nam,2003,-0.000144
nam,2004,-0.421963
nam,2005,-0.427416
nam,2006,-0.478443
nam,2007,-0.482182
nam,2008,-0.160517
nam,2009,0.066384
nam,2010,-0.406692
nam,2011,-0.337402
nam,2012,-0.23427
nam,2013,-0.237833
nam,2014,-0.403096
nam,2015,-0.390895
nam,2016,-0.43548
nga,1995,-1.932848
nga,1996,-1.745279
nga,1997,-1.810004
nga,1998,-1.612486
nga,1999,-1.866003
nga,2000,-2.304555
nga,2001,-1.803191
nga,2002,-1.132108
nga,2003,-1.560331
nga,2004,-2.22993
nga,2005,-2.237501
nga,2006,-1.934324
nga,2007,-1.812603
nga,2008,-1.601153
nga,2009,-1.565488
nga,2010,-1.691728
nga,2011,-1.953048
nga,2012,-1.55997
nga,2013,-1.476305
nga,2014,-1.536411
nga,2015,-2.109135
nga,2016,-1.698767
nic,1995,-0.723299
nic,1996,-0.70796
nic,1997,-0.674278
nic,1998,-0.844106
nic,1999,-0.771082
nic,2000,-0.761666
nic,2001,-0.803662
nic,2002,-0.483286
nic,2003,-0.857716
nic,2004,-0.945182
nic,2005,-0.957657
nic,2006,-1.063168
nic,2007,-0.813945
nic,2008,-0.790727
nic,2009,-0.869402
nic,2010,-0.94774
nic,2011,-0.773895
nic,2012,-0.724265
nic,2013,-0.889421
nic,2014,-0.924687
nic,2015,-0.903211
nic,2016,-0.833164
nld,1995,1.434281
nld,1996,1.305672
nld,1997,1.294033
nld,1998,1.238253
nld,1999,1.359096
nld,2000,1.213073
nld,2001,1.230057
nld,2002,1.182396
nld,2003,1.090369
nld,2004,1.152556
nld,2005,1.093633
nld,2006,1.110511
nld,2007,1.040472
nld,2008,1.101146
nld,2009,1.084769
nld,2010,1.017509
nld,2011,1.044147
nld,2012,1.046668
nld,2013,1.041894
nld,2014,1.093574
nld,2015,1.075082
nld,2016,1.027568
nor,1995,0.598146
nor,1996,0.591921
nor,1997,0.634197
nor,1998,0.857237
nor,1999,0.740339
nor,2000,0.554895
nor,2001,0.650039
nor,2002,0.776031
nor,2003,0.88212
nor,2004,0.852332
nor,2005,0.815395
nor,2006,0.864495
nor,2007,0.849857
nor,2008,0.668524
nor,2009,0.84863
nor,2010,0.680612
nor,2011,0.56798
nor,2012,0.469238
nor,2013,0.614839
nor,2014,0.703114
nor,2015,0.808456
nor,2016,0.638416
nzl,1995,0.330993
nzl,1996,0.312807
nzl,1997,0.322605
nzl,1998,0.289695
nzl,1999,0.239791
nzl,2000,0.328603
nzl,2001,0.206875
nzl,2002,0.317389
nzl,2003,0.236645
nzl,2004,0.357679
nzl,2005,0.403376
nzl,2006,0.321668
nzl,2007,0.331266
nzl,2008,0.272076
nzl,2009,0.140744
nzl,2010,0.120601
nzl,2011,0.210779
nzl,2012,0.145783
nzl,2013,0.135817
nzl,2014,0.117071
nzl,2015,0.154233
nzl,2016,0.124344
omn,1995,-0.121814
omn,1996,-0.510426
omn,1997,0.075613
omn,1998,-0.118676
omn,1999,-0.345544
omn,2000,-0.651335
omn,2001,-1.106167
omn,2002,-0.530143
omn,2003,-0.706457
omn,2004,-0.20695
omn,2005,-0.335655
omn,2006,-0.724151
omn,2007,-0.48298
omn,2008,-0.660623
omn,2009,-0.476675
omn,2010,-0.489501
omn,2011,-0.535444
omn,2012,-0.6165
omn,2013,-0.47794
omn,2014,-0.379464
omn,2015,-0.435773
omn,2016,-0.29163
pak,1995,-0.900496
pak,1996,-0.793233
pak,1997,-0.809948
pak,1998,-1.032905
pak,1999,-0.723554
pak,2000,-0.65029
pak,2001,-0.657655
pak,2002,-0.749196
pak,2003,-0.784726
pak,2004,-0.820861
pak,2005,-0.734611
pak,2006,-0.680076
pak,2007,-0.636745
pak,2008,-0.623792
pak,2009,-0.622394
pak,2010,-0.730146
pak,2011,-0.672691
pak,2012,-0.757812
pak,2013,-0.787373
pak,2014,-0.724966
pak,2015,-0.736602
pak,2016,-0.710899
pan,1995,-0.004512
pan,1996,-0.044002
pan,1997,0.095711
pan,1998,-0.01418
pan,1999,0.022548
pan,2000,0.093584
pan,2001,0.137597
pan,2002,0.125842
pan,2003,-0.031319
pan,2004,0.056507
pan,2005,0.088894
pan,2006,0.529631
pan,2007,0.424898
pan,2008,0.49796
pan,2009,0.52912
pan,2010,0.74795
pan,2011,0.666196
pan,2012,0.72663
pan,2013,0.333848
pan,2014,0.184835
pan,2015,0.144914
pan,2016,0.669983
per,1995,-0.534169
per,1996,-0.5137
per,1997,-0.636759
per,1998,-0.439088
per,1999,-0.437084
per,2000,-0.5377
per,2001,-0.448881
per,2002,-0.559705
per,2003,-0.637299
per,2004,-0.740361
per,2005,-0.578728
per,2006,-0.654976
per,2007,-0.581929
per,2008,-0.557023
per,2009,-0.708649
per,2010,-0.695957
per,2011,-0.637725
per,2012,-0.636269
per,2013,-0.722675
per,2014,-0.708825
per,2015,-0.756809
per,2016,-0.763506
phl,1995,-0.379222
phl,1996,-0.183855
phl,1997,-0.096596
phl,1998,-0.366854
phl,1999,-0.30922
phl,2000,-0.223594
phl,2001,0.009675
phl,2002,0.055346
phl,2003,-0.018129
phl,2004,-0.021933
phl,2005,0.00372
phl,2006,0.045467
phl,2007,0.053521
phl,2008,0.238408
phl,2009,0.262041
phl,2010,0.409676
phl,2011,0.277215
phl,2012,0.336296
phl,2013,0.483948
phl,2014,0.624752
phl,2015,0.537615
phl,2016,0.848332
png,1995,-2.065044
png,1996,-1.850461
png,1997,-1.939875
png,1998,-1.735399
png,1999,-1.873021
png,2000,-1.704817
png,2001,-1.454128
png,2002,-1.554504
png,2003,-1.619544
png,2004,-1.587311
png,2005,-1.665312
png,2006,-1.654423
png,2007,-1.653464
png,2008,-1.474836
png,2009,-1.683296
png,2010,-1.503494
png,2011,-1.188212
png,2012,-0.921479
png,2013,-1.604574
png,2014,-1.37455
png,2015,-1.709315
png,2016,-1.732343
pol,1995,0.69289
pol,1996,0.832863
pol,1997,0.848074
pol,1998,0.812778
pol,1999,0.790422
pol,2000,0.973776
pol,2001,0.983421
pol,2002,0.953704
pol,2003,0.93015
pol,2004,0.974564
pol,2005,0.99089
pol,2006,1.068845
pol,2007,1.131364
pol,2008,1.093143
pol,2009,1.154095
pol,2010,1.100283
pol,2011,1.138249
pol,2012,1.040435
pol,2013,1.053364
pol,2014,1.066463
pol,2015,1.110578
pol,2016,1.116052
prt,1995,0.279286
prt,1996,0.45973
prt,1997,0.403037
prt,1998,0.37461
prt,1999,0.471106
prt,2000,0.623947
prt,2001,0.693212
prt,2002,0.546467
prt,2003,0.657302
prt,2004,0.647159
prt,2005,0.620433
prt,2006,0.614906
prt,2007,0.658655
prt,2008,0.675142
prt,2009,0.569395
prt,2010,0.662021
prt,2011,0.6135
prt,2012,0.617315
prt,2013,0.620276
prt,2014,0.620766
prt,2015,0.652518
prt,2016,0.67541
pry,1995,-0.609715
pry,1996,-0.753377
pry,1997,-0.527578
pry,1998,-0.522073
pry,1999,-0.739027
pry,2000,-0.674621
pry,2001,-0.845327
pry,2002,-0.837517
pry,2003,-0.90073
pry,2004,-0.854586
pry,2005,-0.737267
pry,2006,-0.620271
pry,2007,-0.607086
pry,2008,-0.649767
pry,2009,-0.638277
pry,2010,-0.700373
pry,2011,-0.488658
pry,2012,-0.554359
pry,2013,-0.672628
pry,2014,-0.578158
pry,2015,-0.568441
pry,2016,-0.671358
qat,1995,-0.607036
qat,1996,-0.955119
qat,1997,-1.202393
qat,1998,-0.399592
qat,1999,-0.884755
qat,2000,-0.913597
qat,2001,-0.639099
qat,2002,-0.398208
qat,2003,-0.154268
qat,2004,0.045592
qat,2005,-0.562175
qat,2006,-0.32584
qat,2007,-0.508125
qat,2008,-1.052883
qat,2009,-0.971306
qat,2010,-0.607366
qat,2011,-0.785761
qat,2012,-0.214904
qat,2013,-0.687413
qat,2014,-0.416122
qat,2015,-0.434224
qat,2016,-0.396019
rou,1995,0.513239
rou,1996,0.473768
rou,1997,0.687388
rou,1998,0.559453
rou,1999,0.527969
rou,2000,0.568898
rou,2001,0.526438
rou,2002,0.457607
rou,2003,0.413766
rou,2004,0.449377
rou,2005,0.517594
rou,2006,0.684509
rou,2007,0.889565
rou,2008,0.859277
rou,2009,0.80652
rou,2010,0.793078
rou,2011,0.783544
rou,2012,0.846544
rou,2013,0.913299
rou,2014,0.880322
rou,2015,0.912368
rou,2016,1.031138
rus,1995,0.378537
rus,1996,0.419695
rus,1997,0.341707
rus,1998,0.62664
rus,1999,0.53011
rus,2000,0.651608
rus,2001,0.491682
rus,2002,0.641785
rus,2003,0.724165
rus,2004,0.462895
rus,2005,0.724475
rus,2006,0.508432
rus,2007,0.343917
rus,2008,0.200667
rus,2009,0.142493
rus,2010,0.296006
rus,2011,0.024656
rus,2012,0.007458
rus,2013,0.067137
rus,2014,0.077824
rus,2015,0.107328
rus,2016,0.234998
sau,1995,0.033355
sau,1996,-0.153506
sau,1997,-0.700317
sau,1998,0.189094
sau,1999,-0.166662
sau,2000,-0.580013
sau,2001,-0.205624
sau,2002,0.112154
sau,2003,0.095502
sau,2004,0.498727
sau,2005,0.126368
sau,2006,-0.032049
sau,2007,-0.36428
sau,2008,-0.980364
sau,2009,-0.489859
sau,2010,-0.200514
sau,2011,-0.376335
sau,2012,-0.211927
sau,2013,0.071426
sau,2014,-0.025546
sau,2015,0.052148
sau,2016,0.171186
sdn,1995,-0.762375
sdn,1996,-1.227947
sdn,1997,-1.110684
sdn,1998,-0.717501
sdn,1999,-1.105193
sdn,2000,-1.420599
sdn,2001,-1.583628
sdn,2002,-1.20864
sdn,2003,-1.389902
sdn,2004,-1.356945
sdn,2005,-1.322041
sdn,2006,-1.529342
sdn,2007,-1.904198
sdn,2008,-1.673138
sdn,2009,-1.968492
sdn,2010,-1.660226
sdn,2011,-1.657231
sdn,2012,-1.453422
sdn,2013,-1.234354
sdn,2014,-1.558316
sdn,2015,-1.384744
sdn,2016,-1.235126
sen,1995,-0.266259
sen,1996,-0.764987
sen,1997,-0.657878
sen,1998,-0.386836
sen,1999,-0.465878
sen,2000,-0.348516
sen,2001,-0.400855
sen,2002,-0.394952
sen,2003,-0.284975
sen,2004,-0.378203
sen,2005,-0.358941
sen,2006,-0.496874
sen,2007,-0.425785
sen,2008,-0.553415
sen,2009,-0.584126
sen,2010,-0.542894
sen,2011,-0.796822
sen,2012,-0.433963
sen,2013,-0.600097
sen,2014,-0.521462
sen,2015,-0.618433
sen,2016,-0.539355
sgp,1995,1.004259
sgp,1996,1.138001
sgp,1997,1.133209
sgp,1998,1.181312
sgp,1999,1.421895
sgp,2000,1.357049
sgp,2001,1.372047
sgp,2002,1.539007
sgp,2003,1.512812
sgp,2004,1.684052
sgp,2005,1.570489
sgp,2006,1.506217
sgp,2007,1.527454
sgp,2008,1.730004
sgp,2009,1.762739
sgp,2010,1.795911
sgp,2011,1.717423
sgp,2012,1.926504
sgp,2013,1.83675
sgp,2014,1.860851
sgp,2015,1.917657
sgp,2016,1.890666
slv,1995,-0.316281
slv,1996,-0.294149
slv,1997,-0.151842
slv,1998,-0.185866
slv,1999,-0.157065
slv,2000,-0.133527
slv,2001,-0.038145
slv,2002,-0.325357
slv,2003,-0.206582
slv,2004,-0.208022
slv,2005,-0.382374
slv,2006,-0.110856
slv,2007,-0.144226
slv,2008,-0.007229
slv,2009,-0.169088
slv,2010,0.00467
slv,2011,0.005012
slv,2012,0.009131
slv,2013,-0.018424
slv,2014,0.029619
slv,2015,0.022679
slv,2016,0.138669
srb,2005,0.930927
srb,2006,0.62038
srb,2007,0.725851
srb,2008,0.605101
srb,2009,0.642105
srb,2010,0.567269
srb,2011,0.558529
srb,2012,0.588509
srb,2013,0.507727
srb,2014,0.486526
srb,2015,0.51066
srb,2016,0.582529
svk,1995,1.288594
svk,1996,1.190282
svk,1997,1.233495
svk,1998,1.299726
svk,1999,1.229139
svk,2000,1.336879
svk,2001,1.405036
svk,2002,1.329001
svk,2003,1.422496
svk,2004,1.289216
svk,2005,1.271686
svk,2006,1.440236
svk,2007,1.437314
svk,2008,1.472192
svk,2009,1.397922
svk,2010,1.482457
svk,2011,1.448003
svk,2012,1.329651
svk,2013,1.548364
svk,2014,1.564474
svk,2015,1.444529
svk,2016,1.38228
svn,1995,1.369444
svn,1996,1.404473
svn,1997,1.453436
svn,1998,1.380619
svn,1999,1.455978
svn,2000,1.508319
svn,2001,1.513235
svn,2002,1.459672
svn,2003,1.637487
svn,2004,1.622154
svn,2005,1.559389
svn,2006,1.576432
svn,2007,1.525611
svn,2008,1.496146
svn,2009,1.558937
svn,2010,1.5111
svn,2011,1.472402
svn,2012,1.486193
svn,2013,1.503562
svn,2014,1.515613
svn,2015,1.487418
svn,2016,1.450182
swe,1995,2.293245
swe,1996,2.271294
swe,1997,2.122915
swe,1998,2.151489
swe,1999,2.151724
swe,2000,2.116564
swe,2001,2.079572
swe,2002,2.167134
swe,2003,2.093491
swe,2004,2.083447
swe,2005,1.993439
swe,2006,1.955994
swe,2007,1.98782
swe,2008,1.920203
swe,2009,1.920942
swe,2010,1.782695
swe,2011,1.889335
swe,2012,1.808275
swe,2013,1.801994
swe,2014,1.771946
swe,2015,1.727369
swe,2016,1.652433
tha,1995,0.102755
tha,1996,0.166006
tha,1997,0.205215
tha,1998,0.104627
tha,1999,0.303604
tha,2000,0.442401
tha,2001,0.427228
tha,2002,0.489882
tha,2003,0.446278
tha,2004,0.572501
tha,2005,0.509404
tha,2006,0.570272
tha,2007,0.723973
tha,2008,0.743379
tha,2009,0.798467
tha,2010,0.926084
tha,2011,0.90072
tha,2012,0.94868
tha,2013,1.013357
tha,2014,1.087722
tha,2015,1.129137
tha,2016,0.99278
tjk,1995,-0.214339
tjk,1996,-0.083646
tjk,1997,-0.120369
tjk,1998,-0.521222
tjk,1999,-0.529791
tjk,2000,-0.62008
tjk,2001,-0.657773
tjk,2002,-0.987566
tjk,2003,-0.858665
tjk,2004,-0.877937
tjk,2005,-0.711476
tjk,2006,-1.01805
tjk,2007,-1.080709
tjk,2008,-1.101303
tjk,2009,-1.213477
tjk,2010,-1.132364
tjk,2011,-1.059661
tjk,2012,-1.420996
tjk,2013,-1.479818
tjk,2014,-1.053778
tjk,2015,-1.208492
tjk,2016,-1.053373
tkm,1995,-0.806271
tkm,1996,-0.491988
tkm,1997,-0.898012
tkm,1998,-0.563714
tkm,1999,-0.929505
tkm,2000,-1.131442
tkm,2001,-1.071926
tkm,2002,-1.2914
tkm,2003,-1.291055
tkm,2004,-0.996735
tkm,2005,-0.907654
tkm,2006,-1.133207
tkm,2007,-1.222914
tkm,2008,-1.290638
tkm,2009,-1.140427
tkm,2010,-0.929284
tkm,2011,-1.416203
tkm,2012,-1.442927
tkm,2013,-1.224913
tkm,2014,-0.980269
tkm,2015,-1.221082
tkm,2016,-0.943765
tto,1995,0.033373
tto,1996,-0.159064
tto,1997,0.017879
tto,1998,0.195475
tto,1999,-0.000424
tto,2000,-0.295083
tto,2001,0.090769
tto,2002,-0.186634
tto,2003,-0.144715
tto,2004,-0.159279
tto,2005,-0.485904
tto,2006,-0.425268
tto,2007,-0.650028
tto,2008,-0.522849
tto,2009,-0.488143
tto,2010,-0.596956
tto,2011,-0.501219
tto,2012,-0.345695
tto,2013,-0.61145
tto,2014,-0.211276
tto,2015,-0.045728
tto,2016,-0.218123
tun,1995,-0.214545
tun,1996,-0.197604
tun,1997,-0.185461
tun,1998,-0.305675
tun,1999,-0.250352
tun,2000,0.027235
tun,2001,0.007083
tun,2002,0.006575
tun,2003,-0.186638
tun,2004,-0.200311
tun,2005,-0.127496
tun,2006,-0.014741
tun,2007,0.066397
tun,2008,0.080586
tun,2009,0.105889
tun,2010,0.253028
tun,2011,0.255143
tun,2012,0.278018
tun,2013,0.311413
tun,2014,0.277237
tun,2015,0.214568
tun,2016,0.310401
tur,1995,-0.044377
tur,1996,0.026201
tur,1997,0.148379
tur,1998,-0.008592
tur,1999,0.061027
tur,2000,0.186891
tur,2001,0.118305
tur,2002,0.004597
tur,2003,0.110146
tur,2004,0.147981
tur,2005,0.24858
tur,2006,0.340552
tur,2007,0.319534
tur,2008,0.398158
tur,2009,0.366018
tur,2010,0.411103
tur,2011,0.448282
tur,2012,0.458679
tur,2013,0.446372
tur,2014,0.467682
tur,2015,0.396576
tur,2016,0.366356
tza,1995,-1.191816
tza,1996,-1.464338
tza,1997,-1.256221
tza,1998,-1.114818
tza,1999,-0.939751
tza,2000,-1.100495
tza,2001,-1.178562
tza,2002,-1.271746
tza,2003,-1.230335
tza,2004,-1.065156
tza,2005,-1.102408
tza,2006,-1.085513
tza,2007,-0.906864
tza,2008,-0.802967
tza,2009,-0.757901
tza,2010,-0.788329
tza,2011,-0.819588
tza,2012,-0.579514
tza,2013,-0.74686
tza,2014,-1.002886
tza,2015,-0.826458
tza,2016,-1.063298
uga,1995,-1.64028
uga,1996,-1.524678
uga,1997,-1.284469
uga,1998,-0.942612
uga,1999,-1.342157
uga,2000,-1.159139
uga,2001,-1.214574
uga,2002,-1.212498
uga,2003,-0.902793
uga,2004,-0.91049
uga,2005,-0.800257
uga,2006,-0.944549
uga,2007,-0.742295
uga,2008,-0.603457
uga,2009,-0.612778
uga,2010,-0.6152
uga,2011,-0.563777
uga,2012,-0.391532
uga,2013,-0.443842
uga,2014,-0.473797
uga,2015,-0.340635
uga,2016,-0.31954
ukr,1995,0.238566
ukr,1996,0.751591
ukr,1997,0.637361
ukr,1998,0.675209
ukr,1999,0.38835
ukr,2000,0.632022
ukr,2001,0.711996
ukr,2002,0.672413
ukr,2003,0.777412
ukr,2004,0.653403
ukr,2005,0.662754
ukr,2006,0.64352
ukr,2007,0.629904
ukr,2008,0.52301
ukr,2009,0.564197
ukr,2010,0.474328
ukr,2011,0.523112
ukr,2012,0.483961
ukr,2013,0.471414
ukr,2014,0.490305
ukr,2015,0.314987
ukr,2016,0.249258
ury,1995,0.210028
ury,1996,0.10261
ury,1997,0.105041
ury,1998,0.099966
ury,1999,0.170584
ury,2000,0.228138
ury,2001,0.220238
ury,2002,-0.090347
ury,2003,-0.008508
ury,2004,0.004494
ury,2005,0.20995
ury,2006,-0.050892
ury,2007,0.07385
ury,2008,0.163874
ury,2009,0.095011
ury,2010,0.076436
ury,2011,0.032887
ury,2012,-0.084083
ury,2013,0.036042
ury,2014,0.014851
ury,2015,0.045308
ury,2016,-0.004915
usa,1995,1.864337
usa,1996,1.868438
usa,1997,1.884644
usa,1998,1.911264
usa,1999,1.956019
usa,2000,1.83451
usa,2001,1.837612
usa,2002,1.759677
usa,2003,1.731229
usa,2004,1.749162
usa,2005,1.639185
usa,2006,1.593914
usa,2007,1.608646
usa,2008,1.559167
usa,2009,1.491604
usa,2010,1.515713
usa,2011,1.578595
usa,2012,1.524763
usa,2013,1.493847
usa,2014,1.532061
usa,2015,1.612252
usa,2016,1.55428
uzb,1995,-0.524165
uzb,1996,-0.416351
uzb,1997,-0.235461
uzb,1998,-0.459364
uzb,1999,-0.414319
uzb,2000,-0.499464
uzb,2001,-0.66616
uzb,2002,-0.730242
uzb,2003,-0.609714
uzb,2004,-0.649355
uzb,2005,-0.587128
uzb,2006,-0.555113
uzb,2007,-0.442446
uzb,2008,-0.711566
uzb,2009,-0.70219
uzb,2010,-0.554213
uzb,2011,-0.70684
uzb,2012,-0.563308
uzb,2013,-0.703655
uzb,2014,-0.545718
uzb,2015,-0.739072
uzb,2016,-0.736377
ven,1995,-0.126418
ven,1996,-0.272737
ven,1997,-0.311967
ven,1998,-0.035646
ven,1999,-0.224755
ven,2000,-0.276649
ven,2001,-0.133335
ven,2002,-0.018117
ven,2003,-0.128277
ven,2004,-0.281299
ven,2005,-0.095367
ven,2006,-0.473187
ven,2007,-0.837394
ven,2008,-0.981057
ven,2009,-0.736986
ven,2010,-1.215119
ven,2011,-1.236041
ven,2012,-1.213636
ven,2013,-0.941901
ven,2014,-0.897298
ven,2015,-1.383875
ven,2016,-1.319725
vnm,1995,-1.056984
vnm,1996,-0.824755
vnm,1997,-0.71085
vnm,1998,-0.905246
vnm,1999,-0.787123
vnm,2000,-0.53962
vnm,2001,-0.531531
vnm,2002,-0.602718
vnm,2003,-0.626472
vnm,2004,-0.542684
vnm,2005,-0.645269
vnm,2006,-0.320576
vnm,2007,-0.315713
vnm,2008,-0.306677
vnm,2009,-0.309745
vnm,2010,-0.161658
vnm,2011,-0.165872
vnm,2012,-0.11629
vnm,2013,-0.17875
vnm,2014,-0.000869
vnm,2015,-0.037708
vnm,2016,0.115652
yem,1995,-1.041507
yem,1996,-1.297787
yem,1997,-1.251422
yem,1998,-0.819862
yem,1999,-1.191738
yem,2000,-1.554882
yem,2001,-1.257993
yem,2002,-1.162054
yem,2003,-1.500519
yem,2004,-1.331059
yem,2005,-1.259985
yem,2006,-1.336081
yem,2007,-1.279
yem,2008,-1.145169
yem,2009,-1.147228
yem,2010,-1.30246
yem,2011,-1.106023
yem,2012,-1.356904
yem,2013,-1.380374
yem,2014,-1.613617
yem,2015,-1.123977
yem,2016,-0.874416
zaf,1995,0.25059
zaf,1996,0.14154
zaf,1997,0.161845
zaf,1998,0.274615
zaf,1999,0.153364
zaf,2000,0.144123
zaf,2001,0.093704
zaf,2002,0.207159
zaf,2003,0.199339
zaf,2004,0.232669
zaf,2005,0.231196
zaf,2006,0.056689
zaf,2007,0.082658
zaf,2008,0.108723
zaf,2009,0.065286
zaf,2010,0.057531
zaf,2011,-0.120335
zaf,2012,-0.017348
zaf,2013,0.045727
zaf,2014,0.00718
zaf,2015,-0.110496
zaf,2016,-0.181522
zmb,1995,-0.532572
zmb,1996,-0.679401
zmb,1997,-0.947511
zmb,1998,-0.590839
zmb,1999,-0.577129
zmb,2000,-0.679219
zmb,2001,-0.991644
zmb,2002,-0.805907
zmb,2003,-0.978464
zmb,2004,-0.846902
zmb,2005,-0.925008
zmb,2006,-1.008593
zmb,2007,-0.553638
zmb,2008,-1.000384
zmb,2009,-1.028614
zmb,2010,-0.990221
zmb,2011,-0.804763
zmb,2012,-0.989385
zmb,2013,-0.898548
zmb,2014,-0.935511
zmb,2015,-0.9968
zmb,2016,-1.285257
zwe,1995,-0.215208
zwe,1996,-0.365939
zwe,1997,-0.342171
zwe,1998,-0.594744
zwe,1999,-0.405632
zwe,2000,-0.357842
zwe,2001,-0.63154
zwe,2002,-0.300585
zwe,2003,-0.224161
zwe,2004,-0.500392
zwe,2005,-0.462481
zwe,2006,-0.460715
zwe,2007,-0.536934
zwe,2008,-0.481509
zwe,2009,-0.727477
zwe,2010,-0.862117
zwe,2011,-0.866446
zwe,2012,-0.825518
zwe,2013,-0.77174
zwe,2014,-0.798108
zwe,2015,-0.802298
zwe,2016,-1.006785
